transaction_id,decision,risk_score,sender_account,receiver_account,amount,channel,policy_hits,regulatory_references
POC-FOREIGN-LOGIN-001,ALLOW,0.07,ACC-PRIMARY,ACC-MULE-1,185000.0,upi,behaviour-anomaly|velocity-threshold,
PAYSIM-000000,ALLOW,0.0066,C1231006815,M1979787155,9839.64,payment,,
PAYSIM-000001,ALLOW,0.0317,C1666544295,M2044282225,1864.28,payment,,
PAYSIM-000002,ALLOW,0.0268,C1305486145,C553264065,181.0,transfer,,
PAYSIM-000003,ALLOW,0.0066,C840083671,C38997010,181.0,cash_out,,
PAYSIM-000004,ALLOW,0.0256,C2048537720,M1230701703,11668.14,payment,,
PAYSIM-000005,ALLOW,0.0256,C90045638,M573487274,7817.71,payment,,
PAYSIM-000006,ALLOW,0.0047,C154988899,M408069119,7107.77,payment,,
PAYSIM-000007,ALLOW,0.032,C1912850431,M633326333,7861.64,payment,,
PAYSIM-000008,ALLOW,0.0377,C1265012928,M1176932104,4024.36,payment,,
PAYSIM-000009,ALLOW,0.0081,C712410124,C195600860,5337.77,debit,,
PAYSIM-000010,ALLOW,0.0256,C1900366749,C997608398,9644.94,debit,,
PAYSIM-000011,ALLOW,0.0377,C249177573,M2096539129,3099.97,payment,,
PAYSIM-000012,ALLOW,0.0064,C1648232591,M972865270,2560.74,payment,,
PAYSIM-000013,ALLOW,0.0256,C1716932897,M801569151,11633.76,payment,,
PAYSIM-000014,ALLOW,0.0436,C1026483832,M1635378213,4098.78,payment,,
PAYSIM-000015,ALLOW,0.0039,C905080434,C476402209,229133.94,cash_out,velocity-threshold,
PAYSIM-000016,ALLOW,0.0317,C761750706,M1731217984,1563.82,payment,,
PAYSIM-000017,ALLOW,0.029,C1237762639,M1877062907,1157.86,payment,,
PAYSIM-000018,ALLOW,0.0066,C2033524545,M473053293,671.64,payment,,
PAYSIM-000019,ALLOW,0.0212,C1670993182,C1100439041,215310.3,transfer,velocity-threshold,
PAYSIM-000020,ALLOW,0.0317,C20804602,M1344519051,1373.43,payment,,
PAYSIM-000021,ALLOW,0.0066,C1566511282,C1973538135,9302.79,debit,,
PAYSIM-000022,ALLOW,0.029,C1959239586,C515132998,1065.41,debit,,
PAYSIM-000023,ALLOW,0.0377,C504336483,M1404932042,3876.41,payment,,
PAYSIM-000024,ALLOW,0.0039,C1984094095,C932583850,311685.89,transfer,velocity-threshold,
PAYSIM-000025,ALLOW,0.0357,C1043358826,M1558079303,6061.13,payment,,
PAYSIM-000026,ALLOW,0.0256,C1671590089,M58488213,9478.39,payment,,
PAYSIM-000027,ALLOW,0.0047,C1053967012,M295304806,8009.09,payment,,
PAYSIM-000028,ALLOW,0.032,C1632497828,M33419717,8901.99,payment,,
PAYSIM-000029,ALLOW,0.0256,C764826684,M1940055334,9920.52,payment,,
PAYSIM-000030,ALLOW,0.0072,C2103763750,M335107734,3448.92,payment,,
PAYSIM-000031,ALLOW,0.0377,C215078753,M1757317128,4206.84,payment,,
PAYSIM-000032,ALLOW,0.0357,C840514538,M1804441305,5885.56,payment,,
PAYSIM-000033,ALLOW,0.0081,C1768242710,M1971783162,5307.88,payment,,
PAYSIM-000034,ALLOW,0.0377,C247113419,M151442075,5031.22,payment,,
PAYSIM-000035,ALLOW,0.0409,C1238616099,M70695990,24213.67,payment,,
PAYSIM-000036,ALLOW,0.0047,C1608633989,M1615617512,8603.42,payment,,
PAYSIM-000037,ALLOW,0.0377,C923341586,M107994825,2791.42,payment,,
PAYSIM-000038,ALLOW,0.0256,C1470868839,M1426725223,7413.54,payment,,
PAYSIM-000039,ALLOW,0.0072,C711197015,M1384454980,3295.19,payment,,
PAYSIM-000040,ALLOW,0.0317,C1481594086,M1569435561,1684.81,payment,,
PAYSIM-000041,ALLOW,0.0357,C1466917878,C1297685781,5758.59,debit,,
PAYSIM-000042,ALLOW,0.005,C768216420,C1509514333,110414.71,cash_out,velocity-threshold,
PAYSIM-000043,ALLOW,0.0256,C260084831,M267814113,7823.46,payment,,
PAYSIM-000044,ALLOW,0.0377,C598357562,M1593224710,5086.48,payment,,
PAYSIM-000045,ALLOW,0.0081,C1440738283,M1849015357,5281.48,payment,,
PAYSIM-000046,ALLOW,0.0315,C484199463,M2008106788,13875.98,payment,,
PAYSIM-000047,ALLOW,0.0212,C1570470538,C824009085,56953.9,cash_out,velocity-threshold,
PAYSIM-000048,ALLOW,0.0081,C512549200,C248609774,5346.89,cash_out,,
PAYSIM-000049,ALLOW,0.0522,C1615801298,M490391704,2204.04,payment,,
PAYSIM-000050,ALLOW,0.0333,C460570271,M1653361344,2641.47,payment,,
PAYSIM-000051,ALLOW,0.006,C2072313080,C2001112025,23261.3,cash_out,,
PAYSIM-000052,ALLOW,0.0364,C816944408,M909132503,2330.64,payment,,
PAYSIM-000053,ALLOW,0.0317,C912966811,M1792384402,1614.64,payment,,
PAYSIM-000054,ALLOW,0.0047,C1458621573,M1658980982,9164.71,payment,,
PAYSIM-000055,ALLOW,0.0377,C46941357,M1152606315,2970.97,payment,,
PAYSIM-000056,ALLOW,0.0323,C343345308,M1714688478,38.66,payment,,
PAYSIM-000057,ALLOW,0.008,C104716441,M1506951181,2252.44,payment,,
PAYSIM-000058,ALLOW,0.0212,C1976401987,C1937962514,62610.8,transfer,,
PAYSIM-000059,ALLOW,0.0422,C867288517,C242131142,5529.13,debit,,
PAYSIM-000060,ALLOW,0.0039,C1528834618,C476800120,82940.31,cash_out,,
PAYSIM-000061,ALLOW,0.0377,C280615803,C1254526270,4510.22,debit,,
PAYSIM-000062,ALLOW,0.0256,C166694583,C1129670968,8727.74,debit,,
PAYSIM-000063,ALLOW,0.0083,C885910946,M1860591867,2599.46,payment,,
PAYSIM-000064,ALLOW,0.0377,C811207775,C1971489295,4874.49,debit,,
PAYSIM-000065,ALLOW,0.0287,C1161148117,M516875052,6440.78,payment,,
PAYSIM-000066,ALLOW,0.0072,C1131592118,M589987187,4910.14,payment,,
PAYSIM-000067,ALLOW,0.0287,C1262609629,M587180314,6444.64,payment,,
PAYSIM-000068,ALLOW,0.0377,C1955990522,C1330106945,5149.66,debit,,
PAYSIM-000069,ALLOW,0.0047,C69673470,M1082411691,7292.16,payment,,
PAYSIM-000070,ALLOW,0.0369,C527211736,C2096057945,47458.86,cash_out,,
PAYSIM-000071,ALLOW,0.0212,C1533123860,C766572210,136872.92,cash_out,velocity-threshold,
PAYSIM-000072,ALLOW,0.0039,C1718906711,C977993101,94253.33,cash_out,,
PAYSIM-000073,ALLOW,0.0377,C71802912,M2134271532,2998.04,payment,,
PAYSIM-000074,ALLOW,0.0377,C686349795,M1831010686,3454.08,payment,,
PAYSIM-000075,ALLOW,0.0072,C1423768154,M404222443,4316.2,payment,,
PAYSIM-000076,ALLOW,0.0453,C1987977423,M61073295,2131.84,payment,,
PAYSIM-000077,ALLOW,0.032,C807322507,M396485834,12986.61,payment,,
PAYSIM-000078,ALLOW,0.0052,C283039401,C1330106945,42712.39,transfer,,
PAYSIM-000079,ALLOW,0.0212,C207471778,C1761291320,77957.68,transfer,velocity-threshold,
PAYSIM-000080,ALLOW,0.0315,C1243171897,C783286238,17231.46,transfer,,
PAYSIM-000081,ALLOW,0.0039,C1376151044,C1749186397,78766.03,transfer,,
PAYSIM-000082,ALLOW,0.0212,C873175411,C766572210,224606.64,transfer,velocity-threshold,
PAYSIM-000083,ALLOW,0.0212,C1443967876,C392292416,125872.53,transfer,velocity-threshold,
PAYSIM-000084,ALLOW,0.0027,C1449772539,C1590550415,379856.23,transfer,velocity-threshold,
PAYSIM-000085,ALLOW,0.0212,C926859124,C665576141,1505626.01,transfer,velocity-threshold,
PAYSIM-000086,ALLOW,0.0212,C1603696865,C766572210,554026.99,transfer,velocity-threshold,
PAYSIM-000087,ALLOW,0.0039,C12905860,C1359044626,147543.1,transfer,velocity-threshold,
PAYSIM-000088,ALLOW,0.0212,C412788346,C1590550415,761507.39,transfer,velocity-threshold,
PAYSIM-000089,ALLOW,0.0212,C1520267010,C1590550415,1429051.47,transfer,velocity-threshold,
PAYSIM-000090,ALLOW,0.0039,C908084672,C392292416,358831.92,transfer,velocity-threshold,
PAYSIM-000091,ALLOW,0.0245,C288306765,C1359044626,367768.4,transfer,velocity-threshold,
PAYSIM-000092,ALLOW,0.0212,C1556867940,C1509514333,209711.11,transfer,velocity-threshold,
PAYSIM-000093,ALLOW,0.0039,C1839168128,C1286084959,583848.46,transfer,velocity-threshold,
PAYSIM-000094,ALLOW,0.0212,C1495608502,C1590550415,1724887.05,transfer,velocity-threshold,
PAYSIM-000095,ALLOW,0.0212,C835773569,C1359044626,710544.77,transfer,velocity-threshold,
PAYSIM-000096,ALLOW,0.0039,C843299092,C1590550415,581294.26,transfer,velocity-threshold,
PAYSIM-000097,ALLOW,0.0256,C605982374,C1225616405,11996.58,transfer,,
PAYSIM-000098,ALLOW,0.0436,C1412322831,M1651262695,2875.1,payment,,
PAYSIM-000099,ALLOW,0.0047,C1305004711,M494077446,8586.98,payment,,
PAYSIM-000100,ALLOW,0.0233,C1003206025,M989889899,871.75,payment,,
PAYSIM-000101,ALLOW,0.029,C806813022,M902860396,1035.36,payment,,
PAYSIM-000102,ALLOW,0.0083,C1406206626,M1816522350,1063.53,payment,,
PAYSIM-000103,ALLOW,0.029,C1799230133,M1521238608,1019.9,payment,,
PAYSIM-000104,ALLOW,0.0377,C20156341,M1111897955,4059.38,payment,,
PAYSIM-000105,ALLOW,0.011,C1509309988,M1643141512,1876.44,payment,,
PAYSIM-000106,ALLOW,0.0295,C2091072548,C1282788025,28404.6,cash_out,,
PAYSIM-000107,ALLOW,0.0212,C263053820,C1870252780,75405.1,cash_out,velocity-threshold,
PAYSIM-000108,ALLOW,0.0039,C1740826931,C97730845,50101.88,cash_out,,
PAYSIM-000109,ALLOW,0.0315,C69062746,C100555887,14121.82,cash_out,,
PAYSIM-000110,ALLOW,0.0212,C1631227617,C1983747920,78292.91,cash_out,velocity-threshold,
PAYSIM-000111,ALLOW,0.0039,C24650043,C736709391,176149.9,cash_out,velocity-threshold,
PAYSIM-000112,ALLOW,0.0245,C1896074070,C401424608,212228.35,cash_out,velocity-threshold,
PAYSIM-000113,ALLOW,0.0212,C460741164,C1590550415,85423.63,cash_out,,
PAYSIM-000114,ALLOW,0.0047,C781091365,C985934102,11648.5,cash_out,,
PAYSIM-000115,ALLOW,0.0357,C1858015030,M25764044,6165.58,payment,,
PAYSIM-000116,ALLOW,0.0377,C671596011,M1925352804,3705.83,payment,,
PAYSIM-000117,ALLOW,0.0039,C1687354037,C33524623,419801.4,cash_out,velocity-threshold,
PAYSIM-000118,ALLOW,0.0212,C743778731,C575335780,335416.51,cash_out,velocity-threshold,
PAYSIM-000119,ALLOW,0.0436,C967323951,M1600594643,3372.29,payment,,
PAYSIM-000120,ALLOW,0.0066,C743648472,M692998280,661.43,payment,,
PAYSIM-000121,ALLOW,0.0233,C1368862151,C20671747,864.68,debit,,
PAYSIM-000122,ALLOW,0.029,C922807452,M33563464,1203.44,payment,,
PAYSIM-000123,ALLOW,0.0039,C1494346128,C564160838,330757.04,transfer,velocity-threshold,
PAYSIM-000124,ALLOW,0.0351,C822087264,M30699728,1915.43,payment,,
PAYSIM-000125,ALLOW,0.0268,C38603201,M1422273905,8.73,payment,,
PAYSIM-000126,ALLOW,0.0094,C1694784135,C801197928,3058.8,debit,,
PAYSIM-000127,ALLOW,0.0377,C1207231495,M756936249,5154.97,payment,,
PAYSIM-000128,ALLOW,0.0377,C1221981006,M264394929,5213.25,payment,,
PAYSIM-000129,ALLOW,0.0081,C1878413714,M769132147,5392.75,payment,,
PAYSIM-000130,ALLOW,0.0268,C1257299717,M1474957626,25.12,payment,,
PAYSIM-000131,ALLOW,0.0315,C181252244,M1733022752,17150.89,payment,,
PAYSIM-000132,ALLOW,0.0039,C722417467,C451111351,679502.24,transfer,velocity-threshold,
PAYSIM-000133,ALLOW,0.0245,C753631393,C716157500,177652.91,transfer,velocity-threshold,
PAYSIM-000134,ALLOW,0.0422,C1262869688,M1914108708,5443.26,payment,,
PAYSIM-000135,ALLOW,0.0066,C544386226,M1357700757,244.87,payment,,
PAYSIM-000136,ALLOW,0.0256,C900298796,M1889757798,8281.57,payment,,
PAYSIM-000137,ALLOW,0.029,C1166106620,M1932470703,1175.59,payment,,
PAYSIM-000138,ALLOW,0.0083,C221861886,M1713568869,1097.74,payment,,
PAYSIM-000139,ALLOW,0.0212,C697508322,C1688019098,184986.8,transfer,velocity-threshold,
PAYSIM-000140,ALLOW,0.0366,C603658030,M1689924104,1718.29,payment,,
PAYSIM-000141,ALLOW,0.0072,C361380654,M631673932,3671.32,payment,,
PAYSIM-000142,ALLOW,0.0377,C1579132337,C1321640594,3580.26,debit,,
PAYSIM-000143,ALLOW,0.0256,C1795225096,M790094605,8550.9,payment,,
PAYSIM-000144,ALLOW,0.0047,C1048712791,M487792155,9753.55,payment,,
PAYSIM-000145,ALLOW,0.0377,C1909398279,M1632670136,3026.98,payment,,
PAYSIM-000146,ALLOW,0.0212,C1338905451,C1170794006,467177.03,cash_out,velocity-threshold,
PAYSIM-000147,ALLOW,0.0094,C1252540239,C1509514333,3875.99,debit,,
PAYSIM-000148,ALLOW,0.0453,C1136005694,M638486177,2148.89,payment,,
PAYSIM-000149,ALLOW,0.0233,C426019904,M314411620,466.97,payment,,
PAYSIM-000150,ALLOW,0.0039,C1642679791,C564160838,154139.72,cash_out,velocity-threshold,
PAYSIM-000151,ALLOW,0.0212,C855700733,C392292416,82685.93,cash_out,velocity-threshold,
PAYSIM-000152,ALLOW,0.0212,C247162961,C1297685781,83857.23,cash_out,,
PAYSIM-000153,ALLOW,0.0039,C1890266440,C1297685781,99109.77,cash_out,,
PAYSIM-000154,ALLOW,0.0245,C1527152775,C747464370,187726.67,cash_out,velocity-threshold,
PAYSIM-000155,ALLOW,0.0212,C1863655430,C1509514333,281339.92,cash_out,velocity-threshold,
PAYSIM-000156,ALLOW,0.0039,C976827477,C1590550415,186447.51,cash_out,velocity-threshold,
PAYSIM-000157,ALLOW,0.0212,C324112183,C288665596,81029.86,cash_out,,
PAYSIM-000158,ALLOW,0.0212,C2092709730,C1749186397,139054.95,cash_out,velocity-threshold,
PAYSIM-000159,ALLOW,0.0039,C980364771,C453211571,154716.2,cash_out,velocity-threshold,
PAYSIM-000160,ALLOW,0.0212,C1233595751,C757108857,53631.83,cash_out,,
PAYSIM-000161,ALLOW,0.0245,C1446001495,C1023714065,289645.52,cash_out,velocity-threshold,
PAYSIM-000162,ALLOW,0.0039,C1261044180,C401424608,267148.82,cash_out,velocity-threshold,
PAYSIM-000163,ALLOW,0.0212,C141110631,C240650537,47913.58,cash_out,,
PAYSIM-000164,ALLOW,0.0212,C2029372696,C1971489295,193605.38,cash_out,velocity-threshold,
PAYSIM-000165,ALLOW,0.0039,C793293778,C766572210,344464.4,cash_out,velocity-threshold,
PAYSIM-000166,ALLOW,0.0212,C888611662,C401424608,169409.87,cash_out,velocity-threshold,
PAYSIM-000167,ALLOW,0.0328,C1966355106,C476800120,25793.74,cash_out,,
PAYSIM-000168,ALLOW,0.005,C599782425,C1209271652,114712.48,cash_out,velocity-threshold,
PAYSIM-000169,ALLOW,0.0212,C1233327519,C2083562754,89038.75,cash_out,,
PAYSIM-000170,ALLOW,0.0317,C1155769010,C557041912,1341.58,cash_out,,
PAYSIM-000171,ALLOW,0.0039,C269892014,C1590550415,44443.08,cash_out,,
PAYSIM-000172,ALLOW,0.0295,C1280641161,C1435804085,34729.64,cash_out,,
PAYSIM-000173,ALLOW,0.0212,C489411441,C736709391,105979.34,cash_out,velocity-threshold,
PAYSIM-000174,ALLOW,0.0039,C1141113940,C240650537,57794.61,cash_out,velocity-threshold,
PAYSIM-000175,ALLOW,0.0393,C1711185459,C1854778591,15918.79,cash_out,,
PAYSIM-000176,ALLOW,0.0328,C25936709,C885951223,19162.08,cash_out,,
PAYSIM-000177,ALLOW,0.0039,C1123559518,C1590550415,220691.42,cash_out,velocity-threshold,
PAYSIM-000178,ALLOW,0.0256,C649769713,C1060830840,9536.54,cash_out,,
PAYSIM-000179,ALLOW,0.0295,C925150995,C920011586,29784.06,cash_out,,
PAYSIM-000180,ALLOW,0.0039,C1760219993,C1360767589,190445.51,cash_out,velocity-threshold,
PAYSIM-000181,ALLOW,0.0212,C1800649922,C824009085,57279.11,cash_out,,
PAYSIM-000182,ALLOW,0.0245,C403547747,C1531333864,112086.81,cash_out,velocity-threshold,
PAYSIM-000183,ALLOW,0.0039,C172215878,C434091818,80311.89,cash_out,velocity-threshold,
PAYSIM-000184,ALLOW,0.0212,C873309260,C1023714065,151829.91,cash_out,velocity-threshold,
PAYSIM-000185,ALLOW,0.0328,C1112456099,C1225616405,26004.52,cash_out,,
PAYSIM-000186,ALLOW,0.0072,C923083575,C1504109395,3146.16,cash_out,,
PAYSIM-000187,ALLOW,0.0212,C589363823,C1531333864,296752.75,cash_out,velocity-threshold,
PAYSIM-000188,ALLOW,0.0212,C2052457859,C985934102,191702.06,cash_out,velocity-threshold,
PAYSIM-000189,ALLOW,0.0027,C1299327689,C564160838,365510.05,cash_out,velocity-threshold,
PAYSIM-000190,ALLOW,0.0212,C1408279755,C453211571,202332.08,cash_out,velocity-threshold,
PAYSIM-000191,ALLOW,0.0212,C2007486296,C932583850,55105.9,cash_out,velocity-threshold,
PAYSIM-000192,ALLOW,0.0039,C1033348658,C1971489295,171508.59,cash_out,velocity-threshold,
PAYSIM-000193,ALLOW,0.0212,C1634723627,C2083562754,178439.26,cash_out,velocity-threshold,
PAYSIM-000194,ALLOW,0.0212,C938463537,C985934102,88834.86,cash_out,velocity-threshold,
PAYSIM-000195,ALLOW,0.0039,C2121995675,C1170794006,210370.09,cash_out,velocity-threshold,
PAYSIM-000196,ALLOW,0.0369,C2120063568,C1740000325,36437.06,cash_out,,
PAYSIM-000197,ALLOW,0.0212,C1620409359,C248609774,82691.56,cash_out,,
PAYSIM-000198,ALLOW,0.0039,C691691381,C453211571,338767.1,cash_out,velocity-threshold,
PAYSIM-000199,ALLOW,0.0212,C264978436,C1360767589,187728.59,cash_out,velocity-threshold,
PAYSIM-000200,ALLOW,0.0212,C500618423,C451111351,271002.7,cash_out,velocity-threshold,
PAYSIM-000201,ALLOW,0.0039,C1458091526,C747464370,323105.08,cash_out,velocity-threshold,
PAYSIM-000202,ALLOW,0.0256,C768776793,C796533847,10782.94,cash_out,,
PAYSIM-000203,ALLOW,0.0245,C2018260103,C240650537,89962.11,cash_out,velocity-threshold,
PAYSIM-000204,ALLOW,0.0039,C1393828949,C357863579,101940.14,cash_out,velocity-threshold,
PAYSIM-000205,ALLOW,0.0212,C1088417975,C401424608,163100.34,cash_out,velocity-threshold,
PAYSIM-000206,ALLOW,0.0212,C2036775591,C757108857,136030.66,cash_out,velocity-threshold,
PAYSIM-000207,ALLOW,0.0039,C1620529408,C1688019098,68912.23,cash_out,velocity-threshold,
PAYSIM-000208,ALLOW,0.0212,C307488715,C1789550256,73464.06,cash_out,,
PAYSIM-000209,ALLOW,0.0212,C758572926,C476402209,106117.28,cash_out,velocity-threshold,
PAYSIM-000210,ALLOW,0.005,C1640612861,C985934102,503333.79,cash_out,velocity-threshold,
PAYSIM-000211,ALLOW,0.0212,C990679445,C557041912,71991.42,cash_out,velocity-threshold,
PAYSIM-000212,ALLOW,0.0212,C913065088,C401424608,91379.93,cash_out,,
PAYSIM-000213,ALLOW,0.006,C746280996,C1360767589,26759.05,cash_out,,
PAYSIM-000214,ALLOW,0.0212,C50503805,C747464370,128487.35,cash_out,velocity-threshold,
PAYSIM-000215,ALLOW,0.0212,C1557989809,C33524623,252908.87,cash_out,velocity-threshold,
PAYSIM-000216,ALLOW,0.0039,C146874094,C1297685781,64489.64,cash_out,,
PAYSIM-000217,ALLOW,0.0245,C2123222442,C451111351,171369.73,cash_out,velocity-threshold,
PAYSIM-000218,ALLOW,0.0377,C1746570062,M1555990397,4493.29,payment,,
PAYSIM-000219,ALLOW,0.0047,C1544078442,M1291367132,12121.5,payment,,
PAYSIM-000220,ALLOW,0.0364,C1887699190,M1479140596,2278.19,payment,,
PAYSIM-000221,ALLOW,0.0256,C1108889615,M1275028674,7707.44,payment,,
PAYSIM-000222,ALLOW,0.0072,C455888635,M204805934,4013.02,payment,,
PAYSIM-000223,ALLOW,0.0357,C204322447,M1019484860,5775.15,payment,,
PAYSIM-000224,ALLOW,0.0436,C1164365897,M1640899500,4843.93,payment,,
PAYSIM-000225,ALLOW,0.0064,C3565780,M473666452,2397.82,payment,,
PAYSIM-000226,ALLOW,0.0377,C1865219266,M2138005960,4391.44,payment,,
PAYSIM-000227,ALLOW,0.0377,C1278002745,C510113906,4497.87,debit,,
PAYSIM-000228,ALLOW,0.0047,C214649627,M67730604,7452.89,payment,,
PAYSIM-000229,ALLOW,0.0377,C15477956,M710623214,3930.81,payment,,
PAYSIM-000230,ALLOW,0.0212,C2082351661,C1810132623,71532.24,cash_out,velocity-threshold,
PAYSIM-000231,ALLOW,0.005,C859690270,C476402209,61159.51,cash_out,velocity-threshold,
PAYSIM-000232,ALLOW,0.0256,C1389774257,C1096283470,12401.9,cash_out,,
PAYSIM-000233,ALLOW,0.0295,C553759818,C75457651,32702.61,cash_out,,
PAYSIM-000234,ALLOW,0.0047,C751021317,M1896552614,6926.67,payment,,
PAYSIM-000235,ALLOW,0.0233,C294658299,M1033856359,893.57,payment,,
PAYSIM-000236,ALLOW,0.0212,C201677908,C451111351,480222.51,transfer,velocity-threshold,
PAYSIM-000237,ALLOW,0.0072,C635611994,M904253669,3608.41,payment,,
PAYSIM-000238,ALLOW,0.0413,C1930903395,M1431710377,5946.79,payment,,
PAYSIM-000239,ALLOW,0.0357,C1700721442,M2116511124,6099.96,payment,,
PAYSIM-000240,ALLOW,0.0066,C872522004,M1348916831,372.34,payment,,
PAYSIM-000241,ALLOW,0.0377,C1110698130,M125644421,4635.18,payment,,
PAYSIM-000242,ALLOW,0.029,C1053632127,M1493158871,1267.97,payment,,
PAYSIM-000243,ALLOW,0.0047,C89509666,M1806880779,6911.99,payment,,
PAYSIM-000244,ALLOW,0.0317,C1016856028,M446445803,1795.67,payment,,
PAYSIM-000245,ALLOW,0.0436,C832292933,M1280603381,3199.06,payment,,
PAYSIM-000246,ALLOW,0.0047,C792855998,M1424108509,10265.17,payment,,
PAYSIM-000247,ALLOW,0.0256,C1003755748,M1414013111,9029.12,payment,,
PAYSIM-000248,ALLOW,0.0256,C1805164661,M778162712,7600.57,payment,,
PAYSIM-000249,ALLOW,0.0115,C896138248,M548482954,2057.71,payment,,
PAYSIM-000250,ALLOW,0.0377,C243575009,M777341499,3823.08,payment,,
PAYSIM-000251,ALLOW,0.0377,C1420196421,C972765878,2806.0,transfer,,
PAYSIM-000252,ALLOW,0.0094,C2101527076,C1007251739,2806.0,cash_out,,
PAYSIM-000253,ALLOW,0.0256,C1454026445,M1378497201,6737.2,payment,,
PAYSIM-000254,ALLOW,0.0256,C892931811,M1577167234,9161.98,payment,,
PAYSIM-000255,ALLOW,0.0083,C1574873161,M1591916281,1239.06,payment,,
PAYSIM-000256,ALLOW,0.0268,C600958416,M1884231057,365.0,payment,,
PAYSIM-000257,ALLOW,0.0377,C1492875057,M333793193,5237.54,payment,,
PAYSIM-000258,ALLOW,0.0064,C1068945248,M937277082,2618.76,payment,,
PAYSIM-000259,ALLOW,0.0323,C882646447,M234740890,339.82,payment,,
PAYSIM-000260,ALLOW,0.0317,C79290250,C1076835071,1393.46,debit,,
PAYSIM-000261,ALLOW,0.0064,C1586151649,M179294202,2731.37,payment,,
PAYSIM-000262,ALLOW,0.0256,C1767230265,M593103894,8364.73,payment,,
PAYSIM-000263,ALLOW,0.0287,C727666004,M1601935322,6598.71,payment,,
PAYSIM-000264,ALLOW,0.0072,C414225167,M1803093683,4304.58,payment,,
PAYSIM-000265,ALLOW,0.0377,C975033189,M962287291,2867.14,payment,,
PAYSIM-000266,ALLOW,0.0436,C628064884,M109069556,2946.38,payment,,
PAYSIM-000267,ALLOW,0.0066,C1389509050,M828326869,507.12,payment,,
PAYSIM-000268,ALLOW,0.0377,C1761217448,M1817789863,3020.86,payment,,
PAYSIM-000269,ALLOW,0.0256,C788905599,M1678709153,8948.03,payment,,
PAYSIM-000270,ALLOW,0.0039,C1544614339,C1297685781,280877.92,cash_out,velocity-threshold,
PAYSIM-000271,ALLOW,0.029,C2059592603,M2016828666,1084.9,payment,,
PAYSIM-000272,ALLOW,0.0256,C1688782916,M1064154107,9456.69,payment,,
PAYSIM-000273,ALLOW,0.0102,C1390301622,M415565467,5812.36,payment,,
PAYSIM-000274,ALLOW,0.0212,C973936431,C1335050193,157883.07,transfer,velocity-threshold,
PAYSIM-000275,ALLOW,0.0333,C1756207614,M1214133948,2734.77,payment,,
PAYSIM-000276,ALLOW,0.0039,C2015301874,C1335050193,102153.86,cash_out,velocity-threshold,
PAYSIM-000277,ALLOW,0.0233,C712627377,M782228073,584.52,payment,,
PAYSIM-000278,ALLOW,0.0357,C399373008,M391506011,6113.14,payment,,
PAYSIM-000279,ALLOW,0.0039,C1936550492,C1789550256,369989.2,cash_out,velocity-threshold,
PAYSIM-000280,ALLOW,0.0245,C594651850,C75457651,215338.28,cash_out,velocity-threshold,
PAYSIM-000281,ALLOW,0.0212,C1532139270,C920011586,65521.42,cash_out,,
PAYSIM-000282,ALLOW,0.0039,C1677568775,C1740000325,116977.58,cash_out,velocity-threshold,
PAYSIM-000283,ALLOW,0.0212,C2069500590,C2083562754,262392.36,cash_out,velocity-threshold,
PAYSIM-000284,ALLOW,0.0212,C1431556341,C1740000325,51121.05,cash_out,,
PAYSIM-000285,ALLOW,0.0039,C452364286,C985934102,202624.59,cash_out,velocity-threshold,
PAYSIM-000286,ALLOW,0.0212,C350069300,C1335050193,118235.16,cash_out,velocity-threshold,
PAYSIM-000287,ALLOW,0.0245,C1060703587,C757108857,118056.71,cash_out,velocity-threshold,
PAYSIM-000288,ALLOW,0.0039,C1957078537,C1360767589,498960.91,cash_out,velocity-threshold,
PAYSIM-000289,ALLOW,0.0212,C1514214932,C1590550415,691738.36,cash_out,velocity-threshold,
PAYSIM-000290,ALLOW,0.0212,C594858858,C1360767589,58820.08,cash_out,velocity-threshold,
PAYSIM-000291,ALLOW,0.0072,C1423016050,M352776719,4419.04,payment,,
PAYSIM-000292,ALLOW,0.0377,C1202042637,M1112527632,4270.02,payment,,
PAYSIM-000293,ALLOW,0.0377,C440736059,M955324150,3007.83,payment,,
PAYSIM-000294,ALLOW,0.0101,C1384563514,M1852661033,1824.59,payment,,
PAYSIM-000295,ALLOW,0.029,C1548946718,M1814423236,993.46,payment,,
PAYSIM-000296,ALLOW,0.0212,C140404585,C1688019098,302693.14,cash_out,velocity-threshold,
PAYSIM-000297,ALLOW,0.0086,C207546206,M1218519094,1445.06,payment,,
PAYSIM-000298,ALLOW,0.0377,C200404000,M1894758168,4059.25,payment,,
PAYSIM-000299,ALLOW,0.0377,C191945292,M1242688388,3417.18,payment,,
PAYSIM-000300,ALLOW,0.0072,C1317375498,C665576141,3428.95,debit,,
PAYSIM-000301,ALLOW,0.0644,C1130346421,M1316005672,5580.98,payment,,
PAYSIM-000302,ALLOW,0.0377,C192428201,C401424608,3455.85,debit,,
PAYSIM-000303,ALLOW,0.0047,C1768882706,M1463022229,7265.63,payment,,
PAYSIM-000304,ALLOW,0.0377,C472991420,M1455855843,3852.64,payment,,
PAYSIM-000305,ALLOW,0.0256,C1202220987,M256346753,7870.29,payment,,
PAYSIM-000306,ALLOW,0.0047,C425015667,C466505482,12872.92,debit,,
PAYSIM-000307,ALLOW,0.0256,C2075568954,M2145896000,6675.34,payment,,
PAYSIM-000308,ALLOW,0.0245,C1279740095,C1750905143,410201.89,cash_out,velocity-threshold,
PAYSIM-000309,ALLOW,0.0057,C2095677157,M852026681,13310.78,payment,,
PAYSIM-000310,ALLOW,0.0233,C1943855334,M94919826,664.35,payment,,
PAYSIM-000311,ALLOW,0.0453,C847320212,M1201004240,2130.3,payment,,
PAYSIM-000312,ALLOW,0.0047,C1406848276,M349259569,7771.4,payment,,
PAYSIM-000313,ALLOW,0.0295,C785306763,M1204088028,36349.35,payment,,
PAYSIM-000314,ALLOW,0.0233,C1123236701,M1552221437,749.34,payment,,
PAYSIM-000315,ALLOW,0.0083,C79161706,M1685407532,2340.34,payment,,
PAYSIM-000316,ALLOW,0.0256,C1057468716,M1272051933,9686.85,payment,,
PAYSIM-000317,ALLOW,0.0315,C1888924788,M1041547629,15785.85,payment,,
PAYSIM-000318,ALLOW,0.0047,C1016633682,M2018220300,9006.78,payment,,
PAYSIM-000319,ALLOW,0.0256,C1027319653,M633079302,9014.95,payment,,
PAYSIM-000320,ALLOW,0.0315,C1561745898,M2033268925,14420.66,payment,,
PAYSIM-000321,ALLOW,0.0072,C424786033,M1545077099,4802.31,payment,,
PAYSIM-000322,ALLOW,0.0369,C867093003,M1135278099,28527.44,payment,,
PAYSIM-000323,ALLOW,0.0377,C1470911015,M1268974304,4182.93,payment,,
PAYSIM-000324,ALLOW,0.0072,C244872973,M451312813,4088.21,payment,,
PAYSIM-000325,ALLOW,0.0256,C795748540,M2081000371,8491.9,payment,,
PAYSIM-000326,ALLOW,0.0256,C837073696,C655381473,6666.78,debit,,
PAYSIM-000327,ALLOW,0.0052,C416201381,M1178290888,6536.86,payment,,
PAYSIM-000328,ALLOW,0.0295,C1985938863,C1291286504,40684.97,cash_out,,
PAYSIM-000329,ALLOW,0.0366,C1660325375,M251664534,1553.21,payment,,
PAYSIM-000330,ALLOW,0.0047,C334593716,C485041780,7344.92,debit,,
PAYSIM-000331,ALLOW,0.0212,C487416600,C476800120,106267.21,cash_out,velocity-threshold,
PAYSIM-000332,ALLOW,0.0422,C1271041075,M1141500277,5491.5,payment,,
PAYSIM-000333,ALLOW,0.0072,C1544895390,M712410791,3666.42,payment,,
PAYSIM-000334,ALLOW,0.0422,C1971991758,M2126723403,5507.18,payment,,
PAYSIM-000335,ALLOW,0.0377,C201274566,C747464370,4565.14,debit,,
PAYSIM-000336,ALLOW,0.0066,C354605216,M824881806,11348.71,payment,,
PAYSIM-000337,ALLOW,0.0212,C1447353473,C20671747,123179.97,transfer,velocity-threshold,
PAYSIM-000338,ALLOW,0.0256,C611289995,M663466110,7073.6,payment,,
PAYSIM-000339,ALLOW,0.0072,C1129433283,M864138492,2803.83,payment,,
PAYSIM-000340,ALLOW,0.0268,C1810518740,M295180183,106.81,payment,,
PAYSIM-000341,ALLOW,0.0287,C1547883191,M1650113431,6297.71,payment,,
PAYSIM-000342,ALLOW,0.0064,C1528769018,M183155105,2610.01,payment,,
PAYSIM-000343,ALLOW,0.0487,C1089930529,M2001115307,5320.1,payment,,
PAYSIM-000344,ALLOW,0.0317,C1429483328,M172794870,1460.63,payment,,
PAYSIM-000345,ALLOW,0.0039,C1927963027,C1234776885,522264.81,transfer,velocity-threshold,
PAYSIM-000346,ALLOW,0.0377,C833240229,C1330106945,3584.21,debit,,
PAYSIM-000347,ALLOW,0.0377,C1167088639,M707531688,3704.97,payment,,
PAYSIM-000348,ALLOW,0.0072,C191568263,M1799635803,2773.61,payment,,
PAYSIM-000349,ALLOW,0.0377,C751608431,M1723290893,3896.42,payment,,
PAYSIM-000350,ALLOW,0.0409,C893640573,M2085886997,18781.84,payment,,
PAYSIM-000351,ALLOW,0.0047,C893523498,M1770070706,6660.33,payment,,
PAYSIM-000352,ALLOW,0.0328,C1108517064,C1983747920,26923.42,transfer,,
PAYSIM-000353,ALLOW,0.0295,C511354923,C1899073220,53783.57,transfer,,
PAYSIM-000354,ALLOW,0.0039,C992743048,C1749186397,80333.28,transfer,velocity-threshold,
PAYSIM-000355,ALLOW,0.0212,C1540894701,C564160838,211075.91,transfer,velocity-threshold,
PAYSIM-000356,ALLOW,0.0212,C203149502,C1531333864,100677.86,transfer,velocity-threshold,
PAYSIM-000357,ALLOW,0.0027,C1198197478,C453211571,473499.51,transfer,velocity-threshold,
PAYSIM-000358,ALLOW,0.0212,C476579021,C1590550415,1538200.39,transfer,velocity-threshold,
PAYSIM-000359,ALLOW,0.0212,C106297322,C1590550415,2421578.09,transfer,velocity-threshold,
PAYSIM-000360,ALLOW,0.0039,C1419332030,C665576141,1349670.68,transfer,velocity-threshold,
PAYSIM-000361,ALLOW,0.0212,C1262110193,C1789550256,314403.14,transfer,velocity-threshold,
PAYSIM-000362,ALLOW,0.0212,C396918327,C1590550415,1457213.54,transfer,velocity-threshold,
PAYSIM-000363,ALLOW,0.0039,C1055601039,C1359044626,180368.84,transfer,velocity-threshold,
PAYSIM-000364,ALLOW,0.0245,C547441493,C1531333864,445038.71,transfer,velocity-threshold,
PAYSIM-000365,ALLOW,0.0212,C967677821,C451111351,1123206.66,transfer,velocity-threshold,
PAYSIM-000366,ALLOW,0.0083,C1839206329,C998351292,996.0,debit,,
PAYSIM-000367,ALLOW,0.0212,C169880779,C1286084959,176334.26,transfer,velocity-threshold,
PAYSIM-000368,ALLOW,0.0212,C552674617,C909295153,161217.61,transfer,velocity-threshold,
PAYSIM-000369,ALLOW,0.0039,C1974622245,C240650537,108443.61,transfer,velocity-threshold,
PAYSIM-000370,ALLOW,0.0212,C402808045,C1318822808,75442.68,transfer,velocity-threshold,
PAYSIM-000371,ALLOW,0.0245,C332365138,C392292416,55536.86,transfer,,
PAYSIM-000372,ALLOW,0.0039,C977160959,C248609774,438437.09,transfer,velocity-threshold,
PAYSIM-000373,ALLOW,0.0212,C1563053805,C985934102,928722.69,transfer,velocity-threshold,
PAYSIM-000374,ALLOW,0.0212,C1464177809,C1170794006,1478772.04,transfer,velocity-threshold,
PAYSIM-000375,ALLOW,0.0039,C1057507014,C1590550415,2545478.01,transfer,velocity-threshold,
PAYSIM-000376,ALLOW,0.0212,C2007599722,C1590550415,2061082.82,transfer,velocity-threshold,
PAYSIM-000377,ALLOW,0.0212,C2029780820,C1170794006,983479.66,transfer,velocity-threshold,
PAYSIM-000378,ALLOW,0.005,C65080774,C747464370,635507.97,transfer,velocity-threshold,
PAYSIM-000379,ALLOW,0.0212,C2116179210,C1170794006,848231.57,transfer,velocity-threshold,
PAYSIM-000380,ALLOW,0.0212,C1172535934,C564160838,739112.93,transfer,velocity-threshold,
PAYSIM-000381,ALLOW,0.0039,C1648700617,C932583850,324397.94,transfer,velocity-threshold,
PAYSIM-000382,ALLOW,0.0212,C1765900922,C985934102,982862.81,transfer,velocity-threshold,
PAYSIM-000383,ALLOW,0.0212,C94830685,C248609774,955855.0,transfer,velocity-threshold,
PAYSIM-000384,ALLOW,0.0039,C1539947037,C1870252780,179253.24,transfer,velocity-threshold,
PAYSIM-000385,ALLOW,0.0487,C270661321,M1964434661,5446.88,payment,,
PAYSIM-000386,ALLOW,0.0233,C1217312754,M1585571244,648.64,payment,,
PAYSIM-000387,ALLOW,0.0047,C1099552523,M66724371,8494.71,payment,,
PAYSIM-000388,ALLOW,0.0212,C1047934137,C1286084959,373068.26,cash_out,velocity-threshold,
PAYSIM-000389,ALLOW,0.0212,C1862994526,C1688019098,143236.26,cash_in,velocity-threshold,
PAYSIM-000390,ALLOW,0.0039,C1614133563,C2083562754,228451.89,cash_in,velocity-threshold,
PAYSIM-000391,ALLOW,0.0212,C839771540,C2001112025,35902.49,cash_in,,
PAYSIM-000392,ALLOW,0.0245,C1037163664,C33524623,232953.64,cash_in,velocity-threshold,
PAYSIM-000393,ALLOW,0.0052,C180316302,C1330106945,65912.95,cash_in,,
PAYSIM-000394,ALLOW,0.0212,C1200546947,C1531333864,193492.68,cash_in,velocity-threshold,
PAYSIM-000395,ALLOW,0.0212,C443713699,C488044861,60836.64,cash_in,,
PAYSIM-000396,ALLOW,0.0052,C695530017,C564160838,62325.15,cash_in,,
PAYSIM-000397,ALLOW,0.0212,C1493042329,C909295153,349640.51,cash_in,velocity-threshold,
PAYSIM-000398,ALLOW,0.0212,C1751403001,C453211571,135324.19,cash_in,velocity-threshold,
PAYSIM-000399,ALLOW,0.0027,C1717433286,C401424608,380015.14,cash_in,velocity-threshold,
PAYSIM-000400,ALLOW,0.0212,C1756819670,C401424608,418688.27,cash_in,velocity-threshold,
PAYSIM-000401,ALLOW,0.0212,C1078262677,C766572210,311023.52,cash_in,velocity-threshold,
PAYSIM-000402,ALLOW,0.0039,C178604517,C920011586,151862.38,cash_in,velocity-threshold,
PAYSIM-000403,ALLOW,0.0212,C57624756,C1297685781,228710.05,cash_in,velocity-threshold,
PAYSIM-000404,ALLOW,0.0212,C1543518287,C451111351,220431.09,cash_in,velocity-threshold,
PAYSIM-000405,ALLOW,0.0039,C998242313,C485041780,182861.45,cash_in,velocity-threshold,
PAYSIM-000406,ALLOW,0.0245,C464872674,C1509514333,231881.5,cash_in,velocity-threshold,
PAYSIM-000407,ALLOW,0.0212,C1659286984,C601893033,38071.17,cash_in,,
PAYSIM-000408,ALLOW,0.0039,C1064905627,C75457651,87117.29,cash_in,,
PAYSIM-000409,ALLOW,0.0212,C2072130509,C985934102,114271.72,cash_in,velocity-threshold,
PAYSIM-000410,ALLOW,0.0212,C1260440107,C1749186397,73199.1,cash_in,,
PAYSIM-000411,ALLOW,0.0039,C482307698,C985934102,764772.98,cash_in,velocity-threshold,
PAYSIM-000412,ALLOW,0.0212,C1793899405,C575335780,106847.36,cash_in,velocity-threshold,
PAYSIM-000413,ALLOW,0.0359,C1765702,C1651855867,6287.28,cash_in,,
PAYSIM-000414,ALLOW,0.006,C1302725372,C660143728,24936.34,cash_in,,
PAYSIM-000415,ALLOW,0.0212,C713898436,C100555887,55837.16,cash_in,,
PAYSIM-000416,ALLOW,0.0295,C632475595,C1100439041,63255.29,cash_in,,
PAYSIM-000417,ALLOW,0.0039,C1920305914,C357863579,104605.78,cash_in,velocity-threshold,
PAYSIM-000418,ALLOW,0.0212,C263833514,C503195940,154160.82,cash_in,velocity-threshold,
PAYSIM-000419,ALLOW,0.0212,C1278839936,C985934102,257348.03,cash_in,velocity-threshold,
PAYSIM-000420,ALLOW,0.005,C2143739483,C401424608,201073.81,cash_in,velocity-threshold,
PAYSIM-000421,ALLOW,0.0295,C565881091,C1761291320,53560.68,cash_in,,
PAYSIM-000422,ALLOW,0.0212,C1618984457,C1870252780,334234.39,cash_in,velocity-threshold,
PAYSIM-000423,ALLOW,0.0039,C1621254922,C564160838,227335.16,cash_in,velocity-threshold,
PAYSIM-000424,ALLOW,0.0212,C702500163,C575335780,134426.08,cash_in,velocity-threshold,
PAYSIM-000425,ALLOW,0.0333,C1574509514,C215145189,2643.45,cash_in,,
PAYSIM-000426,ALLOW,0.0039,C1087072654,C1750905143,134977.11,cash_in,velocity-threshold,
PAYSIM-000427,ALLOW,0.0409,C864221358,C1282788025,25090.03,cash_in,,
PAYSIM-000428,ALLOW,0.0212,C1617174216,C824009085,147388.67,cash_in,velocity-threshold,
PAYSIM-000429,ALLOW,0.0039,C1979080261,C392292416,217615.09,cash_in,velocity-threshold,
PAYSIM-000430,ALLOW,0.0212,C1860886124,C747464370,355294.5,cash_in,velocity-threshold,
PAYSIM-000431,ALLOW,0.0256,C1250499735,C990398217,12336.48,cash_in,,
PAYSIM-000432,ALLOW,0.0039,C173791568,C1590550415,349505.89,cash_in,velocity-threshold,
PAYSIM-000433,ALLOW,0.0212,C1293462056,C1335050193,285185.34,cash_in,velocity-threshold,
PAYSIM-000434,ALLOW,0.0245,C1966670937,C1359044626,132953.45,cash_in,velocity-threshold,
PAYSIM-000435,ALLOW,0.0039,C2002174925,C33524623,214851.41,cash_in,velocity-threshold,
PAYSIM-000436,ALLOW,0.0295,C588449070,C11003494,54988.56,cash_in,,
PAYSIM-000437,ALLOW,0.0295,C735228558,C716157500,62871.06,cash_in,,
PAYSIM-000438,ALLOW,0.0039,C376725601,C1360767589,61150.85,cash_in,,
PAYSIM-000439,ALLOW,0.0212,C1476235721,C1068824137,131409.27,cash_in,velocity-threshold,
PAYSIM-000440,ALLOW,0.0256,C1828508781,C2083117811,10844.33,cash_in,,
PAYSIM-000441,ALLOW,0.015,C1376017854,M1732663543,2054.84,payment,,
PAYSIM-000442,ALLOW,0.0212,C1552870927,C985934102,313373.56,cash_in,velocity-threshold,
PAYSIM-000443,ALLOW,0.0315,C1448805967,C1225616405,13289.87,cash_in,,
PAYSIM-000444,ALLOW,0.006,C641882263,C1568059495,27070.11,cash_in,,
PAYSIM-000445,ALLOW,0.0212,C1930837320,C564160838,127954.7,cash_in,velocity-threshold,
PAYSIM-000446,ALLOW,0.0212,C1489193907,C1297685781,197031.04,cash_in,velocity-threshold,
PAYSIM-000447,ALLOW,0.0039,C1453606810,C985934102,144366.64,cash_in,velocity-threshold,
PAYSIM-000448,ALLOW,0.032,C1645624121,C195600860,7965.49,cash_in,,
PAYSIM-000449,ALLOW,0.0212,C547923534,C736709391,123103.74,cash_in,velocity-threshold,
PAYSIM-000450,ALLOW,0.0039,C1660223291,C1170794006,106634.77,cash_in,velocity-threshold,
PAYSIM-000451,ALLOW,0.0212,C379124840,C1023714065,74933.22,cash_in,,
PAYSIM-000452,ALLOW,0.0212,C1157943921,C977993101,120234.99,cash_in,velocity-threshold,
PAYSIM-000453,ALLOW,0.0079,C544966217,C1870252780,5763.99,cash_in,,
PAYSIM-000454,ALLOW,0.0212,C1706272858,C665576141,156922.36,cash_in,velocity-threshold,
PAYSIM-000455,ALLOW,0.0245,C882471736,C1096283470,162665.98,cash_in,velocity-threshold,
PAYSIM-000456,ALLOW,0.0039,C1475192960,C1816757085,110226.34,cash_in,velocity-threshold,
PAYSIM-000457,ALLOW,0.0212,C727197178,C1100439041,142577.44,cash_in,velocity-threshold,
PAYSIM-000458,ALLOW,0.0256,C1406253491,C85777802,6915.38,cash_in,,
PAYSIM-000459,ALLOW,0.0039,C749604930,C985934102,157108.01,cash_in,velocity-threshold,
PAYSIM-000460,ALLOW,0.0212,C373097727,C564160838,223555.14,cash_in,velocity-threshold,
PAYSIM-000461,ALLOW,0.0212,C2082509879,C1531333864,146331.12,cash_in,velocity-threshold,
PAYSIM-000462,ALLOW,0.005,C576894497,C985934102,141131.23,cash_in,velocity-threshold,
PAYSIM-000463,ALLOW,0.0212,C2123533871,C1590550415,222711.47,cash_in,velocity-threshold,
PAYSIM-000464,ALLOW,0.0212,C16148478,C1335050193,84980.31,cash_in,,
PAYSIM-000465,ALLOW,0.0039,C2022689531,C1359044626,628719.07,cash_in,velocity-threshold,
PAYSIM-000466,ALLOW,0.0212,C1340848245,C1170794006,79285.8,cash_in,velocity-threshold,
PAYSIM-000467,ALLOW,0.0212,C635610193,C1454031203,57809.81,cash_in,,
PAYSIM-000468,ALLOW,0.0039,C379121284,C1511785794,75043.17,cash_in,,
PAYSIM-000469,ALLOW,0.0245,C281421502,C1297685781,248196.92,cash_in,velocity-threshold,
PAYSIM-000470,ALLOW,0.0328,C50072771,C215145189,18851.44,cash_in,,
PAYSIM-000471,ALLOW,0.0039,C848097505,C1286084959,403418.39,cash_in,velocity-threshold,
PAYSIM-000472,ALLOW,0.0212,C1672598778,C451111351,235564.81,cash_in,velocity-threshold,
PAYSIM-000473,ALLOW,0.0295,C1122233828,C1068824137,32325.24,cash_in,,
PAYSIM-000474,ALLOW,0.0039,C538667887,C240650537,345347.7,cash_in,velocity-threshold,
PAYSIM-000475,ALLOW,0.0212,C1967496309,C766572210,355500.25,cash_in,velocity-threshold,
PAYSIM-000476,ALLOW,0.0245,C406749219,C716157500,103005.78,cash_in,velocity-threshold,
PAYSIM-000477,ALLOW,0.0039,C1173340685,C766572210,108803.98,cash_in,velocity-threshold,
PAYSIM-000478,ALLOW,0.0212,C1045731788,C1209271652,259753.27,cash_in,velocity-threshold,
PAYSIM-000479,ALLOW,0.0212,C1739267143,C985934102,234094.24,cash_in,velocity-threshold,
PAYSIM-000480,ALLOW,0.0039,C192456457,C1023714065,273305.73,cash_in,velocity-threshold,
PAYSIM-000481,ALLOW,0.0212,C817689537,C736709391,186838.95,cash_in,velocity-threshold,
PAYSIM-000482,ALLOW,0.0212,C708613859,C451111351,193161.04,cash_in,velocity-threshold,
PAYSIM-000483,ALLOW,0.005,C365625031,C1789550256,152823.85,cash_in,velocity-threshold,
PAYSIM-000484,ALLOW,0.0212,C1531200408,C1509514333,91457.82,cash_in,,
PAYSIM-000485,ALLOW,0.0212,C212963786,C1531333864,277807.48,cash_in,velocity-threshold,
PAYSIM-000486,ALLOW,0.0047,C1123321137,C575335780,8679.13,cash_in,,
PAYSIM-000487,ALLOW,0.0453,C685934,C1854778591,2099.59,cash_in,,
PAYSIM-000488,ALLOW,0.0212,C2032909428,C1531333864,221693.08,cash_in,velocity-threshold,
PAYSIM-000489,ALLOW,0.0039,C2031377754,C564160838,206097.65,cash_in,velocity-threshold,
PAYSIM-000490,ALLOW,0.0409,C523211332,C459857341,22384.21,cash_in,,
PAYSIM-000491,ALLOW,0.0212,C1280124872,C1435804085,73210.99,cash_in,,
PAYSIM-000492,ALLOW,0.0039,C1747053097,C757108857,236747.6,cash_in,velocity-threshold,
PAYSIM-000493,ALLOW,0.0287,C864326906,C1749186397,6284.18,cash_in,,
PAYSIM-000494,ALLOW,0.0212,C1348115836,C1750905143,100198.77,cash_in,velocity-threshold,
PAYSIM-000495,ALLOW,0.0039,C1972143064,C33524623,160347.32,cash_in,velocity-threshold,
PAYSIM-000496,ALLOW,0.0212,C312168418,C75457651,289272.75,cash_in,velocity-threshold,
PAYSIM-000497,ALLOW,0.0369,C95369743,C1860513229,63189.26,cash_in,,
PAYSIM-000498,ALLOW,0.0039,C26928827,C451111351,196725.32,cash_in,velocity-threshold,
PAYSIM-000499,ALLOW,0.0357,C278476563,M1479909053,5882.32,payment,,
POC-FOREIGN-LOGIN-001-001,ALLOW,0.1237,ACC-PRIMARY,ACC-MULE-1,185000.0,upi,behaviour-anomaly|velocity-threshold,
TXN-WEB-001,ALLOW,0.0088,ACC-PRIMARY,ACC-MERCHANT-001,2500.0,upi,,
PAYSIM-000120,ALLOW,0.0066,C743648472,M692998280,661.43,payment,,
PAYSIM-000121,ALLOW,0.0233,C1368862151,C20671747,864.68,debit,,
PAYSIM-000122,ALLOW,0.029,C922807452,M33563464,1203.44,payment,,
PAYSIM-000123,ALLOW,0.0039,C1494346128,C564160838,330757.04,transfer,velocity-threshold,
PAYSIM-000124,ALLOW,0.0351,C822087264,M30699728,1915.43,payment,,
PAYSIM-000125,ALLOW,0.0268,C38603201,M1422273905,8.73,payment,,
PAYSIM-000126,ALLOW,0.0094,C1694784135,C801197928,3058.8,debit,,
PAYSIM-000127,ALLOW,0.0377,C1207231495,M756936249,5154.97,payment,,
PAYSIM-000128,ALLOW,0.0377,C1221981006,M264394929,5213.25,payment,,
PAYSIM-000129,ALLOW,0.0081,C1878413714,M769132147,5392.75,payment,,
PAYSIM-000130,ALLOW,0.0268,C1257299717,M1474957626,25.12,payment,,
PAYSIM-000131,ALLOW,0.0315,C181252244,M1733022752,17150.89,payment,,
PAYSIM-000132,ALLOW,0.0039,C722417467,C451111351,679502.24,transfer,velocity-threshold,
PAYSIM-000133,ALLOW,0.0245,C753631393,C716157500,177652.91,transfer,velocity-threshold,
PAYSIM-000134,ALLOW,0.0422,C1262869688,M1914108708,5443.26,payment,,
PAYSIM-000135,ALLOW,0.0066,C544386226,M1357700757,244.87,payment,,
PAYSIM-000136,ALLOW,0.0256,C900298796,M1889757798,8281.57,payment,,
PAYSIM-000137,ALLOW,0.029,C1166106620,M1932470703,1175.59,payment,,
PAYSIM-000138,ALLOW,0.0083,C221861886,M1713568869,1097.74,payment,,
PAYSIM-000139,ALLOW,0.0212,C697508322,C1688019098,184986.8,transfer,velocity-threshold,
POC-FOREIGN-LOGIN-001-023,ALLOW,0.1237,ACC-PRIMARY,ACC-MULE-1,185000.0,upi,behaviour-anomaly|velocity-threshold,
POC-FOREIGN-LOGIN-001-024,ALLOW,0.1237,ACC-PRIMARY,ACC-MULE-1,185000.0,upi,behaviour-anomaly|velocity-threshold,
PAYSIM-000120,ALLOW,0.006,C743648472,M692998280,661.43,payment,,
PAYSIM-000121,ALLOW,0.0172,C1368862151,C20671747,864.68,debit,,
PAYSIM-000122,ALLOW,0.0216,C922807452,M33563464,1203.44,payment,,
PAYSIM-000123,ALLOW,0.0039,C1494346128,C564160838,330757.04,transfer,velocity-threshold,
PAYSIM-000124,ALLOW,0.0261,C822087264,M30699728,1915.43,payment,,
PAYSIM-000125,ALLOW,0.0198,C38603201,M1422273905,8.73,payment,,
PAYSIM-000126,ALLOW,0.0094,C1694784135,C801197928,3058.8,debit,,
PAYSIM-000127,ALLOW,0.0281,C1207231495,M756936249,5154.97,payment,,
PAYSIM-000128,ALLOW,0.0281,C1221981006,M264394929,5213.25,payment,,
PAYSIM-000129,ALLOW,0.0073,C1878413714,M769132147,5392.75,payment,,
PAYSIM-000130,ALLOW,0.0198,C1257299717,M1474957626,25.12,payment,,
PAYSIM-000131,ALLOW,0.0234,C181252244,M1733022752,17150.89,payment,,
PAYSIM-000132,ALLOW,0.0039,C722417467,C451111351,679502.24,transfer,velocity-threshold,
PAYSIM-000133,ALLOW,0.0245,C753631393,C716157500,177652.91,transfer,velocity-threshold,
PAYSIM-000134,ALLOW,0.0314,C1262869688,M1914108708,5443.26,payment,,
PAYSIM-000135,ALLOW,0.0059,C544386226,M1357700757,244.87,payment,,
PAYSIM-000136,ALLOW,0.019,C900298796,M1889757798,8281.57,payment,,
PAYSIM-000137,ALLOW,0.0216,C1166106620,M1932470703,1175.59,payment,,
PAYSIM-000138,ALLOW,0.0075,C221861886,M1713568869,1097.74,payment,,
PAYSIM-000139,ALLOW,0.0212,C697508322,C1688019098,184986.8,transfer,,
POC-FOREIGN-LOGIN-001-041,ALLOW,0.1237,ACC-PRIMARY,ACC-MULE-1,185000.0,upi,behaviour-anomaly|velocity-threshold,
PAYSIM-000120,ALLOW,0.006,C743648472,M692998280,661.43,payment,,
PAYSIM-000121,ALLOW,0.0172,C1368862151,C20671747,864.68,debit,,
PAYSIM-000122,ALLOW,0.0216,C922807452,M33563464,1203.44,payment,,
PAYSIM-000123,ALLOW,0.0039,C1494346128,C564160838,330757.04,transfer,velocity-threshold,
PAYSIM-000124,ALLOW,0.0261,C822087264,M30699728,1915.43,payment,,
PAYSIM-000125,ALLOW,0.0198,C38603201,M1422273905,8.73,payment,,
PAYSIM-000126,ALLOW,0.0094,C1694784135,C801197928,3058.8,debit,,
PAYSIM-000127,ALLOW,0.0281,C1207231495,M756936249,5154.97,payment,,
PAYSIM-000128,ALLOW,0.0281,C1221981006,M264394929,5213.25,payment,,
PAYSIM-000129,ALLOW,0.0073,C1878413714,M769132147,5392.75,payment,,
PAYSIM-000130,ALLOW,0.0198,C1257299717,M1474957626,25.12,payment,,
PAYSIM-000131,ALLOW,0.0234,C181252244,M1733022752,17150.89,payment,,
PAYSIM-000132,ALLOW,0.0039,C722417467,C451111351,679502.24,transfer,velocity-threshold,
PAYSIM-000133,ALLOW,0.0245,C753631393,C716157500,177652.91,transfer,velocity-threshold,
PAYSIM-000134,ALLOW,0.0314,C1262869688,M1914108708,5443.26,payment,,
PAYSIM-000135,ALLOW,0.0059,C544386226,M1357700757,244.87,payment,,
PAYSIM-000136,ALLOW,0.019,C900298796,M1889757798,8281.57,payment,,
PAYSIM-000137,ALLOW,0.0216,C1166106620,M1932470703,1175.59,payment,,
PAYSIM-000138,ALLOW,0.0075,C221861886,M1713568869,1097.74,payment,,
PAYSIM-000139,ALLOW,0.0212,C697508322,C1688019098,184986.8,transfer,,
POC-FOREIGN-LOGIN-001-041,ALLOW,0.1237,ACC-PRIMARY,ACC-MULE-1,185000.0,upi,behaviour-anomaly|velocity-threshold,
PAYSIM-000120,ALLOW,0.006,C743648472,M692998280,661.43,payment,,
PAYSIM-000121,ALLOW,0.0172,C1368862151,C20671747,864.68,debit,,
PAYSIM-000122,ALLOW,0.0216,C922807452,M33563464,1203.44,payment,,
PAYSIM-000123,ALLOW,0.0039,C1494346128,C564160838,330757.04,transfer,velocity-threshold,
PAYSIM-000124,ALLOW,0.0261,C822087264,M30699728,1915.43,payment,,
PAYSIM-000125,ALLOW,0.0198,C38603201,M1422273905,8.73,payment,,
PAYSIM-000126,ALLOW,0.0094,C1694784135,C801197928,3058.8,debit,,
PAYSIM-000127,ALLOW,0.0281,C1207231495,M756936249,5154.97,payment,,
PAYSIM-000128,ALLOW,0.0281,C1221981006,M264394929,5213.25,payment,,
PAYSIM-000129,ALLOW,0.0073,C1878413714,M769132147,5392.75,payment,,
PAYSIM-000130,ALLOW,0.0198,C1257299717,M1474957626,25.12,payment,,
PAYSIM-000131,ALLOW,0.0234,C181252244,M1733022752,17150.89,payment,,
PAYSIM-000132,ALLOW,0.0039,C722417467,C451111351,679502.24,transfer,velocity-threshold,
PAYSIM-000133,ALLOW,0.0245,C753631393,C716157500,177652.91,transfer,velocity-threshold,
PAYSIM-000134,ALLOW,0.0314,C1262869688,M1914108708,5443.26,payment,,
PAYSIM-000135,ALLOW,0.0059,C544386226,M1357700757,244.87,payment,,
PAYSIM-000136,ALLOW,0.019,C900298796,M1889757798,8281.57,payment,,
PAYSIM-000137,ALLOW,0.0216,C1166106620,M1932470703,1175.59,payment,,
PAYSIM-000138,ALLOW,0.0075,C221861886,M1713568869,1097.74,payment,,
PAYSIM-000139,ALLOW,0.0212,C697508322,C1688019098,184986.8,transfer,,
POC-FOREIGN-LOGIN-001-041,ALLOW,0.1237,ACC-PRIMARY,ACC-MULE-1,185000.0,upi,behaviour-anomaly|velocity-threshold,
POC-FOREIGN-LOGIN-001-041,ALLOW,0.1237,ACC-PRIMARY,ACC-MULE-1,185000.0,upi,behaviour-anomaly|velocity-threshold,
POC-FOREIGN-LOGIN-001-041,ALLOW,0.1237,ACC-PRIMARY,ACC-MULE-1,185000.0,upi,behaviour-anomaly|velocity-threshold,
POC-FOREIGN-LOGIN-001-041,ALLOW,0.1237,ACC-PRIMARY,ACC-MULE-1,185000.0,upi,behaviour-anomaly|velocity-threshold,
POC-FOREIGN-LOGIN-001-041,ALLOW,0.1237,ACC-PRIMARY,ACC-MULE-1,185000.0,upi,behaviour-anomaly|velocity-threshold,
PAYSIM-000120,ALLOW,0.006,C743648472,M692998280,661.43,payment,,
PAYSIM-000121,ALLOW,0.0172,C1368862151,C20671747,864.68,debit,,
PAYSIM-000122,ALLOW,0.0216,C922807452,M33563464,1203.44,payment,,
PAYSIM-000123,ALLOW,0.0039,C1494346128,C564160838,330757.04,transfer,velocity-threshold,
PAYSIM-000124,ALLOW,0.0261,C822087264,M30699728,1915.43,payment,,
PAYSIM-000125,ALLOW,0.0198,C38603201,M1422273905,8.73,payment,,
PAYSIM-000126,ALLOW,0.0094,C1694784135,C801197928,3058.8,debit,,
PAYSIM-000127,ALLOW,0.0281,C1207231495,M756936249,5154.97,payment,,
PAYSIM-000128,ALLOW,0.0281,C1221981006,M264394929,5213.25,payment,,
PAYSIM-000129,ALLOW,0.0073,C1878413714,M769132147,5392.75,payment,,
PAYSIM-000130,ALLOW,0.0198,C1257299717,M1474957626,25.12,payment,,
PAYSIM-000131,ALLOW,0.0234,C181252244,M1733022752,17150.89,payment,,
PAYSIM-000132,ALLOW,0.0039,C722417467,C451111351,679502.24,transfer,velocity-threshold,
PAYSIM-000133,ALLOW,0.0245,C753631393,C716157500,177652.91,transfer,velocity-threshold,
PAYSIM-000134,ALLOW,0.0314,C1262869688,M1914108708,5443.26,payment,,
PAYSIM-000135,ALLOW,0.0059,C544386226,M1357700757,244.87,payment,,
PAYSIM-000136,ALLOW,0.019,C900298796,M1889757798,8281.57,payment,,
PAYSIM-000137,ALLOW,0.0216,C1166106620,M1932470703,1175.59,payment,,
PAYSIM-000138,ALLOW,0.0075,C221861886,M1713568869,1097.74,payment,,
PAYSIM-000139,ALLOW,0.0212,C697508322,C1688019098,184986.8,transfer,,
PAYSIM-000120,ALLOW,0.0074,C743648472,M692998280,661.43,payment,,
PAYSIM-000121,ALLOW,0.0172,C1368862151,C20671747,864.68,debit,,
PAYSIM-000122,ALLOW,0.0216,C922807452,M33563464,1203.44,payment,,
PAYSIM-000123,ALLOW,0.0039,C1494346128,C564160838,330757.04,transfer,velocity-threshold,
PAYSIM-000124,ALLOW,0.0261,C822087264,M30699728,1915.43,payment,,
PAYSIM-000125,ALLOW,0.0288,C38603201,M1422273905,8.73,payment,,
PAYSIM-000126,ALLOW,0.0094,C1694784135,C801197928,3058.8,debit,,
PAYSIM-000127,ALLOW,0.0281,C1207231495,M756936249,5154.97,payment,,
PAYSIM-000128,ALLOW,0.0281,C1221981006,M264394929,5213.25,payment,,
PAYSIM-000129,ALLOW,0.0073,C1878413714,M769132147,5392.75,payment,,
PAYSIM-000130,ALLOW,0.0288,C1257299717,M1474957626,25.12,payment,,
PAYSIM-000131,ALLOW,0.0234,C181252244,M1733022752,17150.89,payment,,
PAYSIM-000132,ALLOW,0.0039,C722417467,C451111351,679502.24,transfer,velocity-threshold,
PAYSIM-000133,ALLOW,0.0245,C753631393,C716157500,177652.91,transfer,velocity-threshold,
PAYSIM-000134,ALLOW,0.0314,C1262869688,M1914108708,5443.26,payment,,
PAYSIM-000135,ALLOW,0.0074,C544386226,M1357700757,244.87,payment,,
PAYSIM-000136,ALLOW,0.019,C900298796,M1889757798,8281.57,payment,,
PAYSIM-000137,ALLOW,0.0216,C1166106620,M1932470703,1175.59,payment,,
PAYSIM-000138,ALLOW,0.0075,C221861886,M1713568869,1097.74,payment,,
PAYSIM-000139,ALLOW,0.0212,C697508322,C1688019098,184986.8,transfer,,
TXN-WEB-001,ALLOW,0.0114,ACC-PRIMARY,ACC-MERCHANT-001,2500000.0,upi,behaviour-anomaly|velocity-threshold,
TXN-WEB-001,ALLOW,0.0057,ACC-PRIMARY,ACC-MERCHANT-001,2500000.0,upi,velocity-threshold,
TXN-WEB-001,ALLOW,0.0057,ACC-PRIMARY,ACC-MERCHANT-001,2500000.0,upi,velocity-threshold,
TXN-WEB-001,ALLOW,0.0057,ACC-PRIMARY,ACC-MERCHANT-001,2500000.0,upi,velocity-threshold,
TXN-WEB-001,ALLOW,0.0057,ACC-PRIMARY,ACC-MERCHANT-001,2500000.0,upi,velocity-threshold,
TXN-WEB-001,ALLOW,0.0057,ACC-PRIMARY,ACC-MERCHANT-001,2500000.0,upi,velocity-threshold,
TXN-WEB-001,ALLOW,0.0057,ACC-PRIMARY,ACC-MERCHANT-001,2500000.0,upi,velocity-threshold,
TXN-WEB-001,ALLOW,0.0057,ACC-PRIMARY,ACC-MERCHANT-001,2500000.0,upi,velocity-threshold,
POC-FOREIGN-LOGIN-001-041,ALLOW,0.1237,ACC-PRIMARY,ACC-MULE-1,185000.0,upi,behaviour-anomaly|velocity-threshold,
POC-FOREIGN-LOGIN-001-001,BLOCK,0.9953,ACC-PRIMARY,ACC-MULE-1,185000.0,upi,risk>=0.8|behaviour-anomaly|velocity-threshold,RBI cyber security framework|RBI digital payment security controls|FIU-IND suspicious transaction retention
PAYSIM-000120,ALLOW,0.11,C743648472,M692998280,661.43,payment,,
PAYSIM-000121,ALLOW,0.1245,C1368862151,C20671747,864.68,debit,,
PAYSIM-000122,ALLOW,0.1407,C922807452,M33563464,1203.44,payment,,
PAYSIM-000123,ALLOW,0.4056,C1494346128,C564160838,330757.04,transfer,velocity-threshold,
PAYSIM-000124,ALLOW,0.1248,C822087264,M30699728,1915.43,payment,,
PAYSIM-000125,ALLOW,0.1404,C38603201,M1422273905,8.73,payment,,
PAYSIM-000126,ALLOW,0.234,C1694784135,C801197928,3058.8,debit,,
PAYSIM-000127,ALLOW,0.1255,C1207231495,M756936249,5154.97,payment,,
PAYSIM-000128,ALLOW,0.1417,C1221981006,M264394929,5213.25,payment,,
PAYSIM-000129,ALLOW,0.1109,C1878413714,M769132147,5392.75,payment,,
PAYSIM-000130,ALLOW,0.1243,C1257299717,M1474957626,25.12,payment,,
PAYSIM-000131,ALLOW,0.1446,C181252244,M1733022752,17150.89,payment,,
PAYSIM-000132,ALLOW,0.4056,C722417467,C451111351,679502.24,transfer,velocity-threshold,
PAYSIM-000133,ALLOW,0.5348,C753631393,C716157500,177652.91,transfer,velocity-threshold,
PAYSIM-000134,ALLOW,0.1417,C1262869688,M1914108708,5443.26,payment,,
PAYSIM-000135,ALLOW,0.1099,C544386226,M1357700757,244.87,payment,,
PAYSIM-000136,ALLOW,0.1262,C900298796,M1889757798,8281.57,payment,,
PAYSIM-000137,ALLOW,0.1407,C1166106620,M1932470703,1175.59,payment,,
PAYSIM-000138,ALLOW,0.1101,C221861886,M1713568869,1097.74,payment,,
PAYSIM-000139,ALLOW,0.3217,C697508322,C1688019098,184986.8,transfer,velocity-threshold,
POC-FOREIGN-LOGIN-001-022,BLOCK,0.9953,ACC-PRIMARY,ACC-MULE-1,185000.0,upi,risk>=0.8|behaviour-anomaly|velocity-threshold,RBI cyber security framework|RBI digital payment security controls|FIU-IND suspicious transaction retention
PAYSIM-000120,ALLOW,0.0833,C743648472,M692998280,661.43,payment,,
PAYSIM-000121,ALLOW,0.0946,C1368862151,C20671747,864.68,debit,,
PAYSIM-000122,ALLOW,0.1074,C922807452,M33563464,1203.44,payment,,
PAYSIM-000123,ALLOW,0.334,C1494346128,C564160838,330757.04,transfer,velocity-threshold,
PAYSIM-000124,ALLOW,0.0948,C822087264,M30699728,1915.43,payment,,
PAYSIM-000125,ALLOW,0.1072,C38603201,M1422273905,8.73,payment,,
PAYSIM-000126,ALLOW,0.234,C1694784135,C801197928,3058.8,debit,,
PAYSIM-000127,ALLOW,0.0954,C1207231495,M756936249,5154.97,payment,,
PAYSIM-000128,ALLOW,0.1082,C1221981006,M264394929,5213.25,payment,,
PAYSIM-000129,ALLOW,0.084,C1878413714,M769132147,5392.75,payment,,
PAYSIM-000130,ALLOW,0.0945,C1257299717,M1474957626,25.12,payment,,
PAYSIM-000131,ALLOW,0.1105,C181252244,M1733022752,17150.89,payment,,
PAYSIM-000132,ALLOW,0.334,C722417467,C451111351,679502.24,transfer,velocity-threshold,
PAYSIM-000133,ALLOW,0.5348,C753631393,C716157500,177652.91,transfer,velocity-threshold,
PAYSIM-000134,ALLOW,0.1082,C1262869688,M1914108708,5443.26,payment,,
PAYSIM-000135,ALLOW,0.0832,C544386226,M1357700757,244.87,payment,,
PAYSIM-000136,ALLOW,0.0959,C900298796,M1889757798,8281.57,payment,,
PAYSIM-000137,ALLOW,0.1074,C1166106620,M1932470703,1175.59,payment,,
PAYSIM-000138,ALLOW,0.0833,C221861886,M1713568869,1097.74,payment,,
PAYSIM-000139,ALLOW,0.2585,C697508322,C1688019098,184986.8,transfer,,
TXN-WEB-001,BLOCK,0.9967,ACC-PRIMARY,ACC-MULE-1,231000.0,upi,risk>=0.8|behaviour-anomaly|velocity-threshold,RBI cyber security framework|RBI digital payment security controls|FIU-IND suspicious transaction retention
POC-FOREIGN-LOGIN-001-041,BLOCK,0.9953,ACC-PRIMARY,ACC-MULE-1,185000.0,upi,risk>=0.8|behaviour-anomaly|velocity-threshold,RBI cyber security framework|RBI digital payment security controls|FIU-IND suspicious transaction retention
TXN-WEB-001,BLOCK,0.9967,ACC-PRIMARY,ACC-MULE-1,231000.0,upi,risk>=0.8|behaviour-anomaly|velocity-threshold,RBI cyber security framework|RBI digital payment security controls|FIU-IND suspicious transaction retention
POC-FOREIGN-LOGIN-001-041,BLOCK,0.9953,ACC-PRIMARY,ACC-MULE-1,185000.0,upi,risk>=0.8|behaviour-anomaly|velocity-threshold,RBI cyber security framework|RBI digital payment security controls|FIU-IND suspicious transaction retention
POC-FOREIGN-LOGIN-001-041,BLOCK,0.9953,ACC-PRIMARY,ACC-MULE-1,185000.0,upi,risk>=0.8|behaviour-anomaly|velocity-threshold,RBI cyber security framework|RBI digital payment security controls|FIU-IND suspicious transaction retention
TXN-OTP-001,OTP,0.5813,ACC-OTP-USER-001,ACC-MERCHANT-OTP-001,70000.0,upi,risk>=0.55|velocity-threshold,
POC-FOREIGN-LOGIN-001-041,BLOCK,0.9953,ACC-PRIMARY,ACC-MULE-1,185000.0,upi,risk>=0.8|behaviour-anomaly|velocity-threshold,RBI cyber security framework|RBI digital payment security controls|FIU-IND suspicious transaction retention
PAYSIM-000120,ALLOW,0.0833,C743648472,M692998280,661.43,payment,,
PAYSIM-000121,ALLOW,0.0946,C1368862151,C20671747,864.68,debit,,
PAYSIM-000122,ALLOW,0.1074,C922807452,M33563464,1203.44,payment,,
PAYSIM-000123,ALLOW,0.334,C1494346128,C564160838,330757.04,transfer,velocity-threshold,
PAYSIM-000124,ALLOW,0.0948,C822087264,M30699728,1915.43,payment,,
PAYSIM-000125,ALLOW,0.1072,C38603201,M1422273905,8.73,payment,,
PAYSIM-000126,ALLOW,0.234,C1694784135,C801197928,3058.8,debit,,
PAYSIM-000127,ALLOW,0.0954,C1207231495,M756936249,5154.97,payment,,
PAYSIM-000128,ALLOW,0.1082,C1221981006,M264394929,5213.25,payment,,
PAYSIM-000129,ALLOW,0.084,C1878413714,M769132147,5392.75,payment,,
PAYSIM-000130,ALLOW,0.0945,C1257299717,M1474957626,25.12,payment,,
PAYSIM-000131,ALLOW,0.1105,C181252244,M1733022752,17150.89,payment,,
PAYSIM-000132,ALLOW,0.334,C722417467,C451111351,679502.24,transfer,velocity-threshold,
PAYSIM-000133,ALLOW,0.5348,C753631393,C716157500,177652.91,transfer,velocity-threshold,
PAYSIM-000134,ALLOW,0.1082,C1262869688,M1914108708,5443.26,payment,,
PAYSIM-000135,ALLOW,0.0832,C544386226,M1357700757,244.87,payment,,
PAYSIM-000136,ALLOW,0.0959,C900298796,M1889757798,8281.57,payment,,
PAYSIM-000137,ALLOW,0.1074,C1166106620,M1932470703,1175.59,payment,,
PAYSIM-000138,ALLOW,0.0833,C221861886,M1713568869,1097.74,payment,,
PAYSIM-000139,ALLOW,0.2585,C697508322,C1688019098,184986.8,transfer,,
TXN-OTP-001,OTP,0.5813,ACC-OTP-USER-001,ACC-MERCHANT-OTP-001,70000.0,upi,risk>=0.55|velocity-threshold,
TXN-OTP-001,BLOCK,0.8795,ACC-OTP-USER-001,ACC-MERCHANT-OTP-001,70000.0,upi,risk>=0.8|velocity-threshold,RBI cyber security framework|RBI digital payment security controls|FIU-IND suspicious transaction retention
TXN-OTP-001,OTP,0.5813,ACC-OTP-USER-001,ACC-MERCHANT-OTP-001,70000.0,upi,risk>=0.55|velocity-threshold,
POC-FOREIGN-LOGIN-001-041,BLOCK,0.9953,ACC-PRIMARY,ACC-MULE-1,185000.0,upi,risk>=0.8|behaviour-anomaly|velocity-threshold,RBI cyber security framework|RBI digital payment security controls|FIU-IND suspicious transaction retention
POC-FOREIGN-LOGIN-001-041,BLOCK,0.9953,ACC-PRIMARY,ACC-MULE-1,185000.0,upi,risk>=0.8|behaviour-anomaly|velocity-threshold,RBI cyber security framework|RBI digital payment security controls|FIU-IND suspicious transaction retention
TXN-WEB-001,ALLOW,0.1588,ACC-PRIMARY,ACC-MERCHANT-001,2500.0,upi,,
POC-FOREIGN-LOGIN-001-041,BLOCK,0.9953,ACC-PRIMARY,ACC-MULE-1,185000.0,upi,risk>=0.8|behaviour-anomaly|velocity-threshold,RBI cyber security framework|RBI digital payment security controls|FIU-IND suspicious transaction retention
TXN-WEB-001,ALLOW,0.0949,ACC-PRIMARY,ACC-MERCHANT-001,2500.0,upi,,
POC-FOREIGN-LOGIN-001-041,BLOCK,0.9953,ACC-PRIMARY,ACC-MULE-1,185000.0,upi,risk>=0.8|behaviour-anomaly|velocity-threshold,RBI cyber security framework|RBI digital payment security controls|FIU-IND suspicious transaction retention
TXN-WEB-001,ALLOW,0.0949,ACC-PRIMARY,ACC-MERCHANT-001,2500.0,upi,,
TXN-WEB-001,ALLOW,0.0949,ACC-PRIMARY,ACC-MERCHANT-001,2500.0,upi,,
POC-FOREIGN-LOGIN-001-041,BLOCK,0.9953,ACC-PRIMARY,ACC-MULE-1,185000.0,upi,risk>=0.8|behaviour-anomaly|velocity-threshold,RBI cyber security framework|RBI digital payment security controls|FIU-IND suspicious transaction retention
TXN-WEB-001,ALLOW,0.0949,ACC-PRIMARY,ACC-MERCHANT-001,2500.0,upi,,
POC-FOREIGN-LOGIN-001-041,BLOCK,0.9953,ACC-PRIMARY,ACC-MULE-1,185000.0,upi,risk>=0.8|behaviour-anomaly|velocity-threshold,RBI cyber security framework|RBI digital payment security controls|FIU-IND suspicious transaction retention
PAYSIM-000120,ALLOW,0.0833,C743648472,M692998280,661.43,payment,,
PAYSIM-000121,ALLOW,0.0946,C1368862151,C20671747,864.68,debit,,
PAYSIM-000122,ALLOW,0.1074,C922807452,M33563464,1203.44,payment,,
PAYSIM-000123,ALLOW,0.334,C1494346128,C564160838,330757.04,transfer,velocity-threshold,
PAYSIM-000124,ALLOW,0.0948,C822087264,M30699728,1915.43,payment,,
PAYSIM-000125,ALLOW,0.1072,C38603201,M1422273905,8.73,payment,,
PAYSIM-000126,ALLOW,0.234,C1694784135,C801197928,3058.8,debit,,
PAYSIM-000127,ALLOW,0.0954,C1207231495,M756936249,5154.97,payment,,
PAYSIM-000128,ALLOW,0.1082,C1221981006,M264394929,5213.25,payment,,
PAYSIM-000129,ALLOW,0.084,C1878413714,M769132147,5392.75,payment,,
PAYSIM-000130,ALLOW,0.0945,C1257299717,M1474957626,25.12,payment,,
PAYSIM-000131,ALLOW,0.1105,C181252244,M1733022752,17150.89,payment,,
PAYSIM-000132,ALLOW,0.334,C722417467,C451111351,679502.24,transfer,velocity-threshold,
PAYSIM-000133,ALLOW,0.5348,C753631393,C716157500,177652.91,transfer,velocity-threshold,
PAYSIM-000134,ALLOW,0.1082,C1262869688,M1914108708,5443.26,payment,,
PAYSIM-000135,ALLOW,0.0832,C544386226,M1357700757,244.87,payment,,
PAYSIM-000136,ALLOW,0.0959,C900298796,M1889757798,8281.57,payment,,
PAYSIM-000137,ALLOW,0.1074,C1166106620,M1932470703,1175.59,payment,,
PAYSIM-000138,ALLOW,0.0833,C221861886,M1713568869,1097.74,payment,,
PAYSIM-000139,ALLOW,0.2585,C697508322,C1688019098,184986.8,transfer,,
TXN-WEB-001,ALLOW,0.213,ACC-PRIMARY,ACC-MERCHANT-001,2500.0,upi,,
TXN-WEB-001,ALLOW,0.1262,ACC-PRIMARY,ACC-MERCHANT-001,2500.0,upi,,
TXN-WEB-001,ALLOW,0.1262,ACC-PRIMARY,ACC-MERCHANT-001,2500.0,upi,,
POC-FOREIGN-LOGIN-001-004,BLOCK,0.9953,ACC-PRIMARY,ACC-MULE-1,185000.0,upi,risk>=0.8|behaviour-anomaly|velocity-threshold,RBI cyber security framework|RBI digital payment security controls|FIU-IND suspicious transaction retention
TXN-WEB-001,ALLOW,0.0949,ACC-PRIMARY,ACC-MERCHANT-001,2500.0,upi,,
TXN-WEB-001,ALLOW,0.0949,ACC-PRIMARY,ACC-MERCHANT-001,2500.0,upi,,
TXN-WEB-001,ALLOW,0.0949,ACC-PRIMARY,ACC-MERCHANT-001,2500.0,upi,,
TXN-WEB-001,ALLOW,0.0949,ACC-PRIMARY,ACC-MERCHANT-001,2500.0,upi,,
POC-FOREIGN-LOGIN-001-009,BLOCK,0.9946,ACC-PRIMARY,ACC-MULE-1,185000.0,upi,risk>=0.8|behaviour-anomaly|velocity-threshold,RBI cyber security framework|RBI digital payment security controls|FIU-IND suspicious transaction retention
TXN-WEB-001,ALLOW,0.0949,ACC-PRIMARY,ACC-MERCHANT-001,2500.0,upi,,
TXN-WEB-001,ALLOW,0.0949,ACC-PRIMARY,ACC-MERCHANT-001,2500.0,upi,,
POC-FOREIGN-LOGIN-001-012,BLOCK,0.9946,ACC-PRIMARY,ACC-MULE-1,185000.0,upi,risk>=0.8|behaviour-anomaly|velocity-threshold,RBI cyber security framework|RBI digital payment security controls|FIU-IND suspicious transaction retention
POC-FOREIGN-LOGIN-001,BLOCK,0.9953,ACC-PRIMARY,ACC-MULE-1,185000.0,upi,risk>=0.8|behaviour-anomaly|velocity-threshold,RBI cyber security framework|RBI digital payment security controls|FIU-IND suspicious transaction retention
POC-FOREIGN-LOGIN-001-013,BLOCK,0.9946,ACC-PRIMARY,ACC-MULE-1,185000.0,upi,risk>=0.8|behaviour-anomaly|velocity-threshold,RBI cyber security framework|RBI digital payment security controls|FIU-IND suspicious transaction retention
POC-FOREIGN-LOGIN-001-014,BLOCK,0.9946,ACC-PRIMARY,ACC-MULE-1,185000.0,upi,risk>=0.8|behaviour-anomaly|velocity-threshold,RBI cyber security framework|RBI digital payment security controls|FIU-IND suspicious transaction retention
POC-FOREIGN-LOGIN-001,BLOCK,0.9979,ACC-PRIMARY,ACC-MULE-1,185000.0,upi,risk>=0.8|behaviour-anomaly|velocity-threshold,RBI cyber security framework|RBI digital payment security controls|FIU-IND suspicious transaction retention
POC-FOREIGN-LOGIN-001,BLOCK,0.9979,ACC-PRIMARY,ACC-MULE-1,185000.0,upi,risk>=0.8|behaviour-anomaly|velocity-threshold,RBI cyber security framework|RBI digital payment security controls|FIU-IND suspicious transaction retention
POC-FOREIGN-LOGIN-001,BLOCK,0.9979,ACC-PRIMARY,ACC-MULE-1,185000.0,upi,risk>=0.8|behaviour-anomaly|velocity-threshold,RBI cyber security framework|RBI digital payment security controls|FIU-IND suspicious transaction retention
POC-FOREIGN-LOGIN-001,BLOCK,0.9979,ACC-PRIMARY,ACC-MULE-1,185000.0,upi,risk>=0.8|behaviour-anomaly|velocity-threshold,RBI cyber security framework|RBI digital payment security controls|FIU-IND suspicious transaction retention
TXN-WEB-001,ALLOW,0.213,ACC-PRIMARY,ACC-MERCHANT-001,2500.0,upi,,
POC-FOREIGN-LOGIN-001-002,BLOCK,0.9979,ACC-PRIMARY,ACC-MULE-1,185000.0,upi,risk>=0.8|behaviour-anomaly|velocity-threshold,RBI cyber security framework|RBI digital payment security controls|FIU-IND suspicious transaction retention
SIM-000120,BLOCK,0.9966,ACC-RING-1,ACC-MULE-1,185000.0,upi,risk>=0.8|behaviour-anomaly|velocity-threshold,RBI cyber security framework|RBI digital payment security controls|FIU-IND suspicious transaction retention
SIM-000121,OTP,0.5607,ACC-OTP-1,ACC-MULE-1,45000.0,upi,risk>=0.55,
SIM-000122,ALLOW,0.1642,ACC-PRIMARY,ACC-KNOWN-2,2300.0,upi,,
SIM-000123,ALLOW,0.1643,ACC-PRIMARY,ACC-KNOWN-3,2550.0,upi,,
SIM-000124,OTP,0.5607,ACC-OTP-4,ACC-MULE-1,45000.0,upi,risk>=0.55,
SIM-000125,BLOCK,0.996,ACC-RING-3,ACC-MULE-1,192500.0,upi,risk>=0.8|behaviour-anomaly|velocity-threshold,RBI cyber security framework|RBI digital payment security controls|FIU-IND suspicious transaction retention
SIM-000126,BLOCK,0.9983,ACC-RING-1,ACC-MULE-1,200000.0,upi,risk>=0.8|behaviour-anomaly|velocity-threshold,RBI cyber security framework|RBI digital payment security controls|FIU-IND suspicious transaction retention
SIM-000127,OTP,0.5607,ACC-OTP-2,ACC-MULE-1,45000.0,upi,risk>=0.55,
SIM-000128,ALLOW,0.1262,ACC-PRIMARY,ACC-KNOWN-2,2550.0,upi,,
SIM-000129,ALLOW,0.1263,ACC-PRIMARY,ACC-KNOWN-3,2800.0,upi,,
SIM-000130,OTP,0.5607,ACC-OTP-0,ACC-MULE-1,45000.0,upi,risk>=0.55,
SIM-000131,BLOCK,0.998,ACC-RING-3,ACC-MULE-1,207500.0,upi,risk>=0.8|behaviour-anomaly|velocity-threshold,RBI cyber security framework|RBI digital payment security controls|FIU-IND suspicious transaction retention
SIM-000132,BLOCK,0.997,ACC-RING-1,ACC-MULE-1,185000.0,upi,risk>=0.8|behaviour-anomaly|velocity-threshold,RBI cyber security framework|RBI digital payment security controls|FIU-IND suspicious transaction retention
SIM-000133,OTP,0.5607,ACC-OTP-3,ACC-MULE-1,45000.0,upi,risk>=0.55,
SIM-000134,ALLOW,0.1263,ACC-PRIMARY,ACC-KNOWN-2,2800.0,upi,,
SIM-000135,ALLOW,0.0948,ACC-PRIMARY,ACC-KNOWN-3,1800.0,upi,,
SIM-000136,OTP,0.6374,ACC-OTP-1,ACC-MULE-1,45000.0,upi,risk>=0.55,
SIM-000137,BLOCK,0.9971,ACC-RING-3,ACC-MULE-1,192500.0,upi,risk>=0.8|behaviour-anomaly|velocity-threshold,RBI cyber security framework|RBI digital payment security controls|FIU-IND suspicious transaction retention
SIM-000138,BLOCK,0.9977,ACC-RING-1,ACC-MULE-1,200000.0,upi,risk>=0.8|behaviour-anomaly|velocity-threshold,RBI cyber security framework|RBI digital payment security controls|FIU-IND suspicious transaction retention
SIM-000139,OTP,0.6374,ACC-OTP-4,ACC-MULE-1,45000.0,upi,risk>=0.55,
TXN-WEB-001,ALLOW,0.213,ACC-PRIMARY,ACC-MERCHANT-001,2500.0,upi,,
POC-FOREIGN-LOGIN-001-002,BLOCK,0.9979,ACC-PRIMARY,ACC-MULE-1,185000.0,upi,risk>=0.8|behaviour-anomaly|velocity-threshold,RBI cyber security framework|RBI digital payment security controls|FIU-IND suspicious transaction retention
SIM-000120,BLOCK,0.9966,ACC-RING-1,ACC-MULE-1,185000.0,upi,risk>=0.8|behaviour-anomaly|velocity-threshold,RBI cyber security framework|RBI digital payment security controls|FIU-IND suspicious transaction retention
SIM-000121,OTP,0.5607,ACC-OTP-1,ACC-MULE-1,45000.0,upi,risk>=0.55,
SIM-000122,ALLOW,0.0949,ACC-PRIMARY,ACC-KNOWN-2,2300.0,upi,,
SIM-000123,ALLOW,0.0949,ACC-PRIMARY,ACC-KNOWN-3,2550.0,upi,,
SIM-000124,OTP,0.5607,ACC-OTP-4,ACC-MULE-1,45000.0,upi,risk>=0.55,
SIM-000125,BLOCK,0.996,ACC-RING-3,ACC-MULE-1,192500.0,upi,risk>=0.8|behaviour-anomaly|velocity-threshold,RBI cyber security framework|RBI digital payment security controls|FIU-IND suspicious transaction retention
SIM-000126,BLOCK,0.9983,ACC-RING-1,ACC-MULE-1,200000.0,upi,risk>=0.8|behaviour-anomaly|velocity-threshold,RBI cyber security framework|RBI digital payment security controls|FIU-IND suspicious transaction retention
SIM-000127,OTP,0.5607,ACC-OTP-2,ACC-MULE-1,45000.0,upi,risk>=0.55,
SIM-000128,ALLOW,0.0949,ACC-PRIMARY,ACC-KNOWN-2,2550.0,upi,,
SIM-000129,ALLOW,0.095,ACC-PRIMARY,ACC-KNOWN-3,2800.0,upi,,
SIM-000130,OTP,0.5607,ACC-OTP-0,ACC-MULE-1,45000.0,upi,risk>=0.55,
SIM-000131,BLOCK,0.998,ACC-RING-3,ACC-MULE-1,207500.0,upi,risk>=0.8|behaviour-anomaly|velocity-threshold,RBI cyber security framework|RBI digital payment security controls|FIU-IND suspicious transaction retention
SIM-000132,BLOCK,0.997,ACC-RING-1,ACC-MULE-1,185000.0,upi,risk>=0.8|behaviour-anomaly|velocity-threshold,RBI cyber security framework|RBI digital payment security controls|FIU-IND suspicious transaction retention
SIM-000133,OTP,0.5607,ACC-OTP-3,ACC-MULE-1,45000.0,upi,risk>=0.55,
SIM-000134,ALLOW,0.095,ACC-PRIMARY,ACC-KNOWN-2,2800.0,upi,,
SIM-000135,ALLOW,0.0948,ACC-PRIMARY,ACC-KNOWN-3,1800.0,upi,,
SIM-000136,OTP,0.6374,ACC-OTP-1,ACC-MULE-1,45000.0,upi,risk>=0.55,
SIM-000137,BLOCK,0.9971,ACC-RING-3,ACC-MULE-1,192500.0,upi,risk>=0.8|behaviour-anomaly|velocity-threshold,RBI cyber security framework|RBI digital payment security controls|FIU-IND suspicious transaction retention
SIM-000138,BLOCK,0.9977,ACC-RING-1,ACC-MULE-1,200000.0,upi,risk>=0.8|behaviour-anomaly|velocity-threshold,RBI cyber security framework|RBI digital payment security controls|FIU-IND suspicious transaction retention
SIM-000139,OTP,0.6374,ACC-OTP-4,ACC-MULE-1,45000.0,upi,risk>=0.55,
POC-FOREIGN-LOGIN-001,BLOCK,0.9979,ACC-PRIMARY,ACC-MULE-1,185000.0,upi,risk>=0.8|behaviour-anomaly|velocity-threshold,RBI cyber security framework|RBI digital payment security controls|FIU-IND suspicious transaction retention
SIM-000120,BLOCK,0.9966,ACC-RING-1,ACC-MULE-1,185000.0,upi,risk>=0.8|behaviour-anomaly|velocity-threshold,RBI cyber security framework|RBI digital payment security controls|FIU-IND suspicious transaction retention
SIM-000121,OTP,0.5607,ACC-OTP-1,ACC-MULE-1,45000.0,upi,risk>=0.55,
SIM-000122,ALLOW,0.1642,ACC-PRIMARY,ACC-KNOWN-2,2300.0,upi,,
SIM-000123,ALLOW,0.1643,ACC-PRIMARY,ACC-KNOWN-3,2550.0,upi,,
SIM-000124,OTP,0.5607,ACC-OTP-4,ACC-MULE-1,45000.0,upi,risk>=0.55,
SIM-000125,BLOCK,0.996,ACC-RING-3,ACC-MULE-1,192500.0,upi,risk>=0.8|behaviour-anomaly|velocity-threshold,RBI cyber security framework|RBI digital payment security controls|FIU-IND suspicious transaction retention
SIM-000126,BLOCK,0.9983,ACC-RING-1,ACC-MULE-1,200000.0,upi,risk>=0.8|behaviour-anomaly|velocity-threshold,RBI cyber security framework|RBI digital payment security controls|FIU-IND suspicious transaction retention
SIM-000127,OTP,0.5607,ACC-OTP-2,ACC-MULE-1,45000.0,upi,risk>=0.55,
SIM-000128,ALLOW,0.1262,ACC-PRIMARY,ACC-KNOWN-2,2550.0,upi,,
SIM-000129,ALLOW,0.1263,ACC-PRIMARY,ACC-KNOWN-3,2800.0,upi,,
SIM-000130,OTP,0.5607,ACC-OTP-0,ACC-MULE-1,45000.0,upi,risk>=0.55,
SIM-000131,BLOCK,0.998,ACC-RING-3,ACC-MULE-1,207500.0,upi,risk>=0.8|behaviour-anomaly|velocity-threshold,RBI cyber security framework|RBI digital payment security controls|FIU-IND suspicious transaction retention
SIM-000132,BLOCK,0.997,ACC-RING-1,ACC-MULE-1,185000.0,upi,risk>=0.8|behaviour-anomaly|velocity-threshold,RBI cyber security framework|RBI digital payment security controls|FIU-IND suspicious transaction retention
SIM-000133,OTP,0.5607,ACC-OTP-3,ACC-MULE-1,45000.0,upi,risk>=0.55,
SIM-000134,ALLOW,0.1263,ACC-PRIMARY,ACC-KNOWN-2,2800.0,upi,,
SIM-000135,ALLOW,0.0948,ACC-PRIMARY,ACC-KNOWN-3,1800.0,upi,,
SIM-000136,OTP,0.6374,ACC-OTP-1,ACC-MULE-1,45000.0,upi,risk>=0.55,
SIM-000137,BLOCK,0.9971,ACC-RING-3,ACC-MULE-1,192500.0,upi,risk>=0.8|behaviour-anomaly|velocity-threshold,RBI cyber security framework|RBI digital payment security controls|FIU-IND suspicious transaction retention
SIM-000138,BLOCK,0.9977,ACC-RING-1,ACC-MULE-1,200000.0,upi,risk>=0.8|behaviour-anomaly|velocity-threshold,RBI cyber security framework|RBI digital payment security controls|FIU-IND suspicious transaction retention
SIM-000139,OTP,0.6374,ACC-OTP-4,ACC-MULE-1,45000.0,upi,risk>=0.55,
SIM-000140,ALLOW,0.0948,ACC-PRIMARY,ACC-KNOWN-2,1800.0,upi,,
SIM-000141,ALLOW,0.0948,ACC-PRIMARY,ACC-KNOWN-3,2050.0,upi,,
SIM-000142,OTP,0.6374,ACC-OTP-2,ACC-MULE-1,45000.0,upi,risk>=0.55,
SIM-000143,BLOCK,0.9978,ACC-RING-3,ACC-MULE-1,207500.0,upi,risk>=0.8|behaviour-anomaly|velocity-threshold,RBI cyber security framework|RBI digital payment security controls|FIU-IND suspicious transaction retention
SIM-000144,BLOCK,0.9959,ACC-RING-1,ACC-MULE-1,185000.0,upi,risk>=0.8|behaviour-anomaly|velocity-threshold,RBI cyber security framework|RBI digital payment security controls|FIU-IND suspicious transaction retention
SIM-000145,OTP,0.6374,ACC-OTP-0,ACC-MULE-1,45000.0,upi,risk>=0.55,
SIM-000146,ALLOW,0.0948,ACC-PRIMARY,ACC-KNOWN-2,2050.0,upi,,
SIM-000147,ALLOW,0.0949,ACC-PRIMARY,ACC-KNOWN-3,2300.0,upi,,
SIM-000148,OTP,0.6374,ACC-OTP-3,ACC-MULE-1,45000.0,upi,risk>=0.55,
SIM-000149,BLOCK,0.996,ACC-RING-3,ACC-MULE-1,192500.0,upi,risk>=0.8|behaviour-anomaly|velocity-threshold,RBI cyber security framework|RBI digital payment security controls|FIU-IND suspicious transaction retention
SIM-000150,BLOCK,0.9977,ACC-RING-1,ACC-MULE-1,200000.0,upi,risk>=0.8|behaviour-anomaly|velocity-threshold,RBI cyber security framework|RBI digital payment security controls|FIU-IND suspicious transaction retention
SIM-000151,OTP,0.6374,ACC-OTP-1,ACC-MULE-1,45000.0,upi,risk>=0.55,
SIM-000152,ALLOW,0.0949,ACC-PRIMARY,ACC-KNOWN-2,2300.0,upi,,
SIM-000153,ALLOW,0.1262,ACC-PRIMARY,ACC-KNOWN-3,2550.0,upi,,
SIM-000154,OTP,0.6374,ACC-OTP-4,ACC-MULE-1,45000.0,upi,risk>=0.55,
SIM-000155,BLOCK,0.9973,ACC-RING-3,ACC-MULE-1,207500.0,upi,risk>=0.8|behaviour-anomaly|velocity-threshold,RBI cyber security framework|RBI digital payment security controls|FIU-IND suspicious transaction retention
SIM-000156,BLOCK,0.9959,ACC-RING-1,ACC-MULE-1,185000.0,upi,risk>=0.8|behaviour-anomaly|velocity-threshold,RBI cyber security framework|RBI digital payment security controls|FIU-IND suspicious transaction retention
SIM-000157,OTP,0.6374,ACC-OTP-2,ACC-MULE-1,45000.0,upi,risk>=0.55,
SIM-000158,ALLOW,0.0949,ACC-PRIMARY,ACC-KNOWN-2,2550.0,upi,,
SIM-000159,ALLOW,0.1263,ACC-PRIMARY,ACC-KNOWN-3,2800.0,upi,,
SIM-000160,OTP,0.6374,ACC-OTP-0,ACC-MULE-1,45000.0,upi,risk>=0.55,
SIM-000161,BLOCK,0.9967,ACC-RING-3,ACC-MULE-1,192500.0,upi,risk>=0.8|behaviour-anomaly|velocity-threshold,RBI cyber security framework|RBI digital payment security controls|FIU-IND suspicious transaction retention
SIM-000162,BLOCK,0.9981,ACC-RING-1,ACC-MULE-1,200000.0,upi,risk>=0.8|behaviour-anomaly|velocity-threshold,RBI cyber security framework|RBI digital payment security controls|FIU-IND suspicious transaction retention
SIM-000163,OTP,0.6374,ACC-OTP-3,ACC-MULE-1,45000.0,upi,risk>=0.55,
SIM-000164,ALLOW,0.095,ACC-PRIMARY,ACC-KNOWN-2,2800.0,upi,,
SIM-000165,ALLOW,0.0948,ACC-PRIMARY,ACC-KNOWN-3,1800.0,upi,,
SIM-000166,OTP,0.6374,ACC-OTP-1,ACC-MULE-1,45000.0,upi,risk>=0.55,
SIM-000167,BLOCK,0.9973,ACC-RING-3,ACC-MULE-1,207500.0,upi,risk>=0.8|behaviour-anomaly|velocity-threshold,RBI cyber security framework|RBI digital payment security controls|FIU-IND suspicious transaction retention
SIM-000168,BLOCK,0.9959,ACC-RING-1,ACC-MULE-1,185000.0,upi,risk>=0.8|behaviour-anomaly|velocity-threshold,RBI cyber security framework|RBI digital payment security controls|FIU-IND suspicious transaction retention
SIM-000169,OTP,0.6374,ACC-OTP-4,ACC-MULE-1,45000.0,upi,risk>=0.55,
OTP-TEST-001,OTP,0.7628,ACC-NORMAL-2,ACC-NEW-1,45000.0,upi,risk>=0.55,
OTP-TEST-001,OTP,0.7628,ACC-NORMAL-2,ACC-NEW-1,45000.0,upi,risk>=0.55,
TXN-BLOCK-001,BLOCK,0.9976,ACC-PRIMARY,ACC-MULE-1,185000.0,upi,risk>=0.8|behaviour-anomaly|velocity-threshold,RBI cyber security framework|RBI digital payment security controls|FIU-IND suspicious transaction retention
TXN-WEB-001,ALLOW,0.0949,ACC-PRIMARY,ACC-MERCHANT-001,2500.0,upi,,
TXN-WEB-001,ALLOW,0.0949,ACC-PRIMARY,ACC-MERCHANT-001,2500.0,upi,,
TXN-WEB-001,ALLOW,0.0949,ACC-PRIMARY,ACC-MERCHANT-001,2500.0,upi,,
TXN-WEB-001,ALLOW,0.0949,ACC-PRIMARY,ACC-MERCHANT-001,2500.0,upi,,
TXN-WEB-001,ALLOW,0.0949,ACC-PRIMARY,ACC-MERCHANT-001,2500.0,upi,,
OTP-TEST-001,OTP,0.7628,ACC-NORMAL-2,ACC-NEW-1,45000.0,upi,risk>=0.55,
TXN-WEB-001,ALLOW,0.0949,ACC-PRIMARY,ACC-MERCHANT-001,2500.0,upi,,
TXN-BLOCK-001,BLOCK,0.9976,ACC-PRIMARY,ACC-MULE-1,185000.0,upi,risk>=0.8|behaviour-anomaly|velocity-threshold,RBI cyber security framework|RBI digital payment security controls|FIU-IND suspicious transaction retention
POC-FOREIGN-LOGIN-001-034,BLOCK,0.9976,ACC-PRIMARY,ACC-MULE-1,185000.0,upi,risk>=0.8|behaviour-anomaly|velocity-threshold,RBI cyber security framework|RBI digital payment security controls|FIU-IND suspicious transaction retention
POC-FOREIGN-LOGIN-001-035,BLOCK,0.9976,ACC-PRIMARY,ACC-MULE-1,185000.0,upi,risk>=0.8|behaviour-anomaly|velocity-threshold,RBI cyber security framework|RBI digital payment security controls|FIU-IND suspicious transaction retention
SIM-000120,BLOCK,0.9966,ACC-RING-1,ACC-MULE-1,185000.0,upi,risk>=0.8|behaviour-anomaly|velocity-threshold,RBI cyber security framework|RBI digital payment security controls|FIU-IND suspicious transaction retention
SIM-000121,OTP,0.5607,ACC-OTP-1,ACC-MULE-1,45000.0,upi,risk>=0.55,
SIM-000122,ALLOW,0.0949,ACC-PRIMARY,ACC-KNOWN-2,2300.0,upi,,
SIM-000123,ALLOW,0.0949,ACC-PRIMARY,ACC-KNOWN-3,2550.0,upi,,
SIM-000124,OTP,0.5607,ACC-OTP-4,ACC-MULE-1,45000.0,upi,risk>=0.55,
SIM-000125,BLOCK,0.996,ACC-RING-3,ACC-MULE-1,192500.0,upi,risk>=0.8|behaviour-anomaly|velocity-threshold,RBI cyber security framework|RBI digital payment security controls|FIU-IND suspicious transaction retention
SIM-000126,BLOCK,0.9977,ACC-RING-1,ACC-MULE-1,200000.0,upi,risk>=0.8|behaviour-anomaly|velocity-threshold,RBI cyber security framework|RBI digital payment security controls|FIU-IND suspicious transaction retention
SIM-000127,OTP,0.5607,ACC-OTP-2,ACC-MULE-1,45000.0,upi,risk>=0.55,
SIM-000128,ALLOW,0.0949,ACC-PRIMARY,ACC-KNOWN-2,2550.0,upi,,
SIM-000129,ALLOW,0.095,ACC-PRIMARY,ACC-KNOWN-3,2800.0,upi,,
SIM-000130,OTP,0.5607,ACC-OTP-0,ACC-MULE-1,45000.0,upi,risk>=0.55,
SIM-000131,BLOCK,0.9973,ACC-RING-3,ACC-MULE-1,207500.0,upi,risk>=0.8|behaviour-anomaly|velocity-threshold,RBI cyber security framework|RBI digital payment security controls|FIU-IND suspicious transaction retention
SIM-000132,BLOCK,0.9959,ACC-RING-1,ACC-MULE-1,185000.0,upi,risk>=0.8|behaviour-anomaly|velocity-threshold,RBI cyber security framework|RBI digital payment security controls|FIU-IND suspicious transaction retention
SIM-000133,OTP,0.5607,ACC-OTP-3,ACC-MULE-1,45000.0,upi,risk>=0.55,
SIM-000134,ALLOW,0.095,ACC-PRIMARY,ACC-KNOWN-2,2800.0,upi,,
SIM-000135,ALLOW,0.0948,ACC-PRIMARY,ACC-KNOWN-3,1800.0,upi,,
SIM-000136,OTP,0.5607,ACC-OTP-1,ACC-MULE-1,45000.0,upi,risk>=0.55,
SIM-000137,BLOCK,0.996,ACC-RING-3,ACC-MULE-1,192500.0,upi,risk>=0.8|behaviour-anomaly|velocity-threshold,RBI cyber security framework|RBI digital payment security controls|FIU-IND suspicious transaction retention
SIM-000138,BLOCK,0.9977,ACC-RING-1,ACC-MULE-1,200000.0,upi,risk>=0.8|behaviour-anomaly|velocity-threshold,RBI cyber security framework|RBI digital payment security controls|FIU-IND suspicious transaction retention
SIM-000139,OTP,0.5607,ACC-OTP-4,ACC-MULE-1,45000.0,upi,risk>=0.55,
TXN-WEB-001,ALLOW,0.0949,ACC-PRIMARY,ACC-MERCHANT-001,2500.0,upi,,
POC-FOREIGN-LOGIN-001-001,BLOCK,0.9979,ACC-PRIMARY,ACC-MULE-1,185000.0,upi,risk>=0.8|behaviour-anomaly|velocity-threshold,RBI cyber security framework|RBI digital payment security controls|FIU-IND suspicious transaction retention
TXN-WEB-001,ALLOW,0.1642,ACC-PRIMARY,ACC-MERCHANT-001,2500.0,upi,,
TXN-WEB-001,ALLOW,0.3285,ACC-PRIMARY,ACC-MERCHANT-001,2500.0,upi,,
SIM-000120,BLOCK,0.9966,ACC-RING-1,ACC-MULE-1,185000.0,upi,risk>=0.8|behaviour-anomaly|velocity-threshold,RBI cyber security framework|RBI digital payment security controls|FIU-IND suspicious transaction retention
SIM-000121,OTP,0.5607,ACC-OTP-1,ACC-MULE-1,45000.0,upi,risk>=0.55,
SIM-000122,ALLOW,0.0949,ACC-PRIMARY,ACC-KNOWN-2,2300.0,upi,,
SIM-000123,ALLOW,0.0949,ACC-PRIMARY,ACC-KNOWN-3,2550.0,upi,,
SIM-000124,OTP,0.5607,ACC-OTP-4,ACC-MULE-1,45000.0,upi,risk>=0.55,
SIM-000125,BLOCK,0.996,ACC-RING-3,ACC-MULE-1,192500.0,upi,risk>=0.8|behaviour-anomaly|velocity-threshold,RBI cyber security framework|RBI digital payment security controls|FIU-IND suspicious transaction retention
SIM-000126,BLOCK,0.9983,ACC-RING-1,ACC-MULE-1,200000.0,upi,risk>=0.8|behaviour-anomaly|velocity-threshold,RBI cyber security framework|RBI digital payment security controls|FIU-IND suspicious transaction retention
SIM-000127,OTP,0.5607,ACC-OTP-2,ACC-MULE-1,45000.0,upi,risk>=0.55,
SIM-000128,ALLOW,0.0949,ACC-PRIMARY,ACC-KNOWN-2,2550.0,upi,,
SIM-000129,ALLOW,0.095,ACC-PRIMARY,ACC-KNOWN-3,2800.0,upi,,
SIM-000130,OTP,0.5607,ACC-OTP-0,ACC-MULE-1,45000.0,upi,risk>=0.55,
SIM-000131,BLOCK,0.998,ACC-RING-3,ACC-MULE-1,207500.0,upi,risk>=0.8|behaviour-anomaly|velocity-threshold,RBI cyber security framework|RBI digital payment security controls|FIU-IND suspicious transaction retention
SIM-000132,BLOCK,0.997,ACC-RING-1,ACC-MULE-1,185000.0,upi,risk>=0.8|behaviour-anomaly|velocity-threshold,RBI cyber security framework|RBI digital payment security controls|FIU-IND suspicious transaction retention
SIM-000133,OTP,0.5607,ACC-OTP-3,ACC-MULE-1,45000.0,upi,risk>=0.55,
SIM-000134,ALLOW,0.095,ACC-PRIMARY,ACC-KNOWN-2,2800.0,upi,,
SIM-000135,ALLOW,0.0948,ACC-PRIMARY,ACC-KNOWN-3,1800.0,upi,,
SIM-000136,OTP,0.6374,ACC-OTP-1,ACC-MULE-1,45000.0,upi,risk>=0.55,
SIM-000137,BLOCK,0.9971,ACC-RING-3,ACC-MULE-1,192500.0,upi,risk>=0.8|behaviour-anomaly|velocity-threshold,RBI cyber security framework|RBI digital payment security controls|FIU-IND suspicious transaction retention
SIM-000138,BLOCK,0.9977,ACC-RING-1,ACC-MULE-1,200000.0,upi,risk>=0.8|behaviour-anomaly|velocity-threshold,RBI cyber security framework|RBI digital payment security controls|FIU-IND suspicious transaction retention
SIM-000139,OTP,0.6374,ACC-OTP-4,ACC-MULE-1,45000.0,upi,risk>=0.55,
POC-FOREIGN-LOGIN-001-024,BLOCK,0.9976,ACC-PRIMARY,ACC-MULE-1,185000.0,upi,risk>=0.8|behaviour-anomaly|velocity-threshold,RBI cyber security framework|RBI digital payment security controls|FIU-IND suspicious transaction retention
POC-FOREIGN-LOGIN-001-001,BLOCK,0.9974,ACC-PRIMARY,ACC-MULE-1,185000.0,upi,risk>=0.8|behaviour-anomaly|velocity-threshold,RBI cyber security framework|RBI digital payment security controls|FIU-IND suspicious transaction retention
SIM-000120,BLOCK,0.9959,ACC-RING-1,ACC-MULE-1,185000.0,upi,risk>=0.8|behaviour-anomaly|velocity-threshold,RBI cyber security framework|RBI digital payment security controls|FIU-IND suspicious transaction retention
SIM-000121,OTP,0.5607,ACC-OTP-1,ACC-MULE-1,45000.0,upi,risk>=0.55,
SIM-000122,ALLOW,0.0949,ACC-PRIMARY,ACC-KNOWN-2,2300.0,upi,,
SIM-000123,ALLOW,0.0949,ACC-PRIMARY,ACC-KNOWN-3,2550.0,upi,,
SIM-000124,OTP,0.5607,ACC-OTP-4,ACC-MULE-1,45000.0,upi,risk>=0.55,
SIM-000125,BLOCK,0.996,ACC-RING-3,ACC-MULE-1,192500.0,upi,risk>=0.8|behaviour-anomaly|velocity-threshold,RBI cyber security framework|RBI digital payment security controls|FIU-IND suspicious transaction retention
SIM-000126,BLOCK,0.9983,ACC-RING-1,ACC-MULE-1,200000.0,upi,risk>=0.8|behaviour-anomaly|velocity-threshold,RBI cyber security framework|RBI digital payment security controls|FIU-IND suspicious transaction retention
SIM-000127,OTP,0.5607,ACC-OTP-2,ACC-MULE-1,45000.0,upi,risk>=0.55,
SIM-000128,ALLOW,0.0949,ACC-PRIMARY,ACC-KNOWN-2,2550.0,upi,,
SIM-000129,ALLOW,0.095,ACC-PRIMARY,ACC-KNOWN-3,2800.0,upi,,
SIM-000130,OTP,0.5607,ACC-OTP-0,ACC-MULE-1,45000.0,upi,risk>=0.55,
SIM-000131,BLOCK,0.998,ACC-RING-3,ACC-MULE-1,207500.0,upi,risk>=0.8|behaviour-anomaly|velocity-threshold,RBI cyber security framework|RBI digital payment security controls|FIU-IND suspicious transaction retention
SIM-000132,BLOCK,0.997,ACC-RING-1,ACC-MULE-1,185000.0,upi,risk>=0.8|behaviour-anomaly|velocity-threshold,RBI cyber security framework|RBI digital payment security controls|FIU-IND suspicious transaction retention
SIM-000133,OTP,0.5607,ACC-OTP-3,ACC-MULE-1,45000.0,upi,risk>=0.55,
SIM-000134,ALLOW,0.095,ACC-PRIMARY,ACC-KNOWN-2,2800.0,upi,,
SIM-000135,ALLOW,0.0948,ACC-PRIMARY,ACC-KNOWN-3,1800.0,upi,,
SIM-000136,OTP,0.6374,ACC-OTP-1,ACC-MULE-1,45000.0,upi,risk>=0.55,
SIM-000137,BLOCK,0.9971,ACC-RING-3,ACC-MULE-1,192500.0,upi,risk>=0.8|behaviour-anomaly|velocity-threshold,RBI cyber security framework|RBI digital payment security controls|FIU-IND suspicious transaction retention
SIM-000138,BLOCK,0.9977,ACC-RING-1,ACC-MULE-1,200000.0,upi,risk>=0.8|behaviour-anomaly|velocity-threshold,RBI cyber security framework|RBI digital payment security controls|FIU-IND suspicious transaction retention
SIM-000139,OTP,0.6374,ACC-OTP-4,ACC-MULE-1,45000.0,upi,risk>=0.55,
POC-FOREIGN-LOGIN-001-022,BLOCK,0.997,ACC-PRIMARY,ACC-MULE-1,185000.0,upi,risk>=0.8|behaviour-anomaly|velocity-threshold,RBI cyber security framework|RBI digital payment security controls|FIU-IND suspicious transaction retention
TXN-WEB-001,ALLOW,0.1642,ACC-PRIMARY,ACC-MERCHANT-001,2500.0,upi,,
TXN-WEB-001,ALLOW,0.3285,ACC-PRIMARY,ACC-MERCHANT-001,2500.0,upi,,
TXN-WEB-001,ALLOW,0.3285,ACC-PRIMARY,ACC-MERCHANT-001,2500.0,upi,,
TXN-WEB-001,ALLOW,0.3285,ACC-PRIMARY,ACC-MERCHANT-001,2500.0,upi,,
POC-FOREIGN-LOGIN-001-027,BLOCK,0.997,ACC-PRIMARY,ACC-MULE-1,185000.0,upi,risk>=0.8|behaviour-anomaly|velocity-threshold,RBI cyber security framework|RBI digital payment security controls|FIU-IND suspicious transaction retention
SIM-000120,BLOCK,0.9959,ACC-RING-1,ACC-MULE-1,185000.0,upi,risk>=0.8|behaviour-anomaly|velocity-threshold,RBI cyber security framework|RBI digital payment security controls|FIU-IND suspicious transaction retention
SIM-000121,OTP,0.5607,ACC-OTP-1,ACC-MULE-1,45000.0,upi,risk>=0.55,
SIM-000122,ALLOW,0.0949,ACC-PRIMARY,ACC-KNOWN-2,2300.0,upi,,
SIM-000123,ALLOW,0.0949,ACC-PRIMARY,ACC-KNOWN-3,2550.0,upi,,
SIM-000124,OTP,0.5607,ACC-OTP-4,ACC-MULE-1,45000.0,upi,risk>=0.55,
SIM-000125,BLOCK,0.996,ACC-RING-3,ACC-MULE-1,192500.0,upi,risk>=0.8|behaviour-anomaly|velocity-threshold,RBI cyber security framework|RBI digital payment security controls|FIU-IND suspicious transaction retention
SIM-000126,BLOCK,0.9977,ACC-RING-1,ACC-MULE-1,200000.0,upi,risk>=0.8|behaviour-anomaly|velocity-threshold,RBI cyber security framework|RBI digital payment security controls|FIU-IND suspicious transaction retention
SIM-000127,OTP,0.5607,ACC-OTP-2,ACC-MULE-1,45000.0,upi,risk>=0.55,
SIM-000128,ALLOW,0.0949,ACC-PRIMARY,ACC-KNOWN-2,2550.0,upi,,
SIM-000129,ALLOW,0.095,ACC-PRIMARY,ACC-KNOWN-3,2800.0,upi,,
SIM-000130,OTP,0.5607,ACC-OTP-0,ACC-MULE-1,45000.0,upi,risk>=0.55,
SIM-000131,BLOCK,0.9973,ACC-RING-3,ACC-MULE-1,207500.0,upi,risk>=0.8|behaviour-anomaly|velocity-threshold,RBI cyber security framework|RBI digital payment security controls|FIU-IND suspicious transaction retention
SIM-000132,BLOCK,0.9959,ACC-RING-1,ACC-MULE-1,185000.0,upi,risk>=0.8|behaviour-anomaly|velocity-threshold,RBI cyber security framework|RBI digital payment security controls|FIU-IND suspicious transaction retention
SIM-000133,OTP,0.5607,ACC-OTP-3,ACC-MULE-1,45000.0,upi,risk>=0.55,
SIM-000134,ALLOW,0.095,ACC-PRIMARY,ACC-KNOWN-2,2800.0,upi,,
SIM-000135,ALLOW,0.0948,ACC-PRIMARY,ACC-KNOWN-3,1800.0,upi,,
SIM-000136,OTP,0.5607,ACC-OTP-1,ACC-MULE-1,45000.0,upi,risk>=0.55,
SIM-000137,BLOCK,0.996,ACC-RING-3,ACC-MULE-1,192500.0,upi,risk>=0.8|behaviour-anomaly|velocity-threshold,RBI cyber security framework|RBI digital payment security controls|FIU-IND suspicious transaction retention
SIM-000138,BLOCK,0.9977,ACC-RING-1,ACC-MULE-1,200000.0,upi,risk>=0.8|behaviour-anomaly|velocity-threshold,RBI cyber security framework|RBI digital payment security controls|FIU-IND suspicious transaction retention
SIM-000139,OTP,0.5607,ACC-OTP-4,ACC-MULE-1,45000.0,upi,risk>=0.55,
TXN-WEB-001,ALLOW,0.213,ACC-PRIMARY,ACC-MERCHANT-001,2500.0,upi,,
POC-FOREIGN-LOGIN-001-002,BLOCK,0.9974,ACC-PRIMARY,ACC-MULE-1,185000.0,upi,risk>=0.8|behaviour-anomaly|velocity-threshold,RBI cyber security framework|RBI digital payment security controls|FIU-IND suspicious transaction retention
SIM-000120,BLOCK,0.9959,ACC-RING-1,ACC-MULE-1,185000.0,upi,risk>=0.8|behaviour-anomaly|velocity-threshold,RBI cyber security framework|RBI digital payment security controls|FIU-IND suspicious transaction retention
SIM-000121,OTP,0.5607,ACC-OTP-1,ACC-MULE-1,45000.0,upi,risk>=0.55,
SIM-000122,ALLOW,0.1248,ACC-PRIMARY,ACC-KNOWN-2,2300.0,upi,,
SIM-000123,ALLOW,0.1249,ACC-PRIMARY,ACC-KNOWN-3,2550.0,upi,,
SIM-000124,OTP,0.5607,ACC-OTP-4,ACC-MULE-1,45000.0,upi,risk>=0.55,
SIM-000125,BLOCK,0.996,ACC-RING-3,ACC-MULE-1,192500.0,upi,risk>=0.8|behaviour-anomaly|velocity-threshold,RBI cyber security framework|RBI digital payment security controls|FIU-IND suspicious transaction retention
SIM-000126,BLOCK,0.9983,ACC-RING-1,ACC-MULE-1,200000.0,upi,risk>=0.8|behaviour-anomaly|velocity-threshold,RBI cyber security framework|RBI digital payment security controls|FIU-IND suspicious transaction retention
SIM-000127,OTP,0.5607,ACC-OTP-2,ACC-MULE-1,45000.0,upi,risk>=0.55,
SIM-000128,ALLOW,0.0949,ACC-PRIMARY,ACC-KNOWN-2,2550.0,upi,,
SIM-000129,ALLOW,0.095,ACC-PRIMARY,ACC-KNOWN-3,2800.0,upi,,
SIM-000130,OTP,0.5607,ACC-OTP-0,ACC-MULE-1,45000.0,upi,risk>=0.55,
SIM-000131,BLOCK,0.998,ACC-RING-3,ACC-MULE-1,207500.0,upi,risk>=0.8|behaviour-anomaly|velocity-threshold,RBI cyber security framework|RBI digital payment security controls|FIU-IND suspicious transaction retention
SIM-000132,BLOCK,0.997,ACC-RING-1,ACC-MULE-1,185000.0,upi,risk>=0.8|behaviour-anomaly|velocity-threshold,RBI cyber security framework|RBI digital payment security controls|FIU-IND suspicious transaction retention
SIM-000133,OTP,0.5607,ACC-OTP-3,ACC-MULE-1,45000.0,upi,risk>=0.55,
SIM-000134,ALLOW,0.095,ACC-PRIMARY,ACC-KNOWN-2,2800.0,upi,,
SIM-000135,ALLOW,0.0948,ACC-PRIMARY,ACC-KNOWN-3,1800.0,upi,,
SIM-000136,OTP,0.6374,ACC-OTP-1,ACC-MULE-1,45000.0,upi,risk>=0.55,
SIM-000137,BLOCK,0.9971,ACC-RING-3,ACC-MULE-1,192500.0,upi,risk>=0.8|behaviour-anomaly|velocity-threshold,RBI cyber security framework|RBI digital payment security controls|FIU-IND suspicious transaction retention
SIM-000138,BLOCK,0.9977,ACC-RING-1,ACC-MULE-1,200000.0,upi,risk>=0.8|behaviour-anomaly|velocity-threshold,RBI cyber security framework|RBI digital payment security controls|FIU-IND suspicious transaction retention
SIM-000139,OTP,0.6374,ACC-OTP-4,ACC-MULE-1,45000.0,upi,risk>=0.55,
TXN-WEB-001,ALLOW,0.213,ACC-PRIMARY,ACC-MERCHANT-001,2500.0,upi,,
POC-FOREIGN-LOGIN-001-002,BLOCK,0.9979,ACC-PRIMARY,ACC-MULE-1,185000.0,upi,risk>=0.8|behaviour-anomaly|velocity-threshold,RBI cyber security framework|RBI digital payment security controls|FIU-IND suspicious transaction retention
SIM-000120,BLOCK,0.9966,ACC-RING-1,ACC-MULE-1,185000.0,upi,risk>=0.8|behaviour-anomaly|velocity-threshold,RBI cyber security framework|RBI digital payment security controls|FIU-IND suspicious transaction retention
SIM-000121,OTP,0.5607,ACC-OTP-1,ACC-MULE-1,45000.0,upi,risk>=0.55,
SIM-000122,ALLOW,0.1248,ACC-PRIMARY,ACC-KNOWN-2,2300.0,upi,,
SIM-000123,ALLOW,0.1249,ACC-PRIMARY,ACC-KNOWN-3,2550.0,upi,,
SIM-000124,OTP,0.5607,ACC-OTP-4,ACC-MULE-1,45000.0,upi,risk>=0.55,
SIM-000125,BLOCK,0.996,ACC-RING-3,ACC-MULE-1,192500.0,upi,risk>=0.8|behaviour-anomaly|velocity-threshold,RBI cyber security framework|RBI digital payment security controls|FIU-IND suspicious transaction retention
SIM-000126,BLOCK,0.9983,ACC-RING-1,ACC-MULE-1,200000.0,upi,risk>=0.8|behaviour-anomaly|velocity-threshold,RBI cyber security framework|RBI digital payment security controls|FIU-IND suspicious transaction retention
SIM-000127,OTP,0.5607,ACC-OTP-2,ACC-MULE-1,45000.0,upi,risk>=0.55,
SIM-000128,ALLOW,0.0949,ACC-PRIMARY,ACC-KNOWN-2,2550.0,upi,,
SIM-000129,ALLOW,0.095,ACC-PRIMARY,ACC-KNOWN-3,2800.0,upi,,
SIM-000130,OTP,0.5607,ACC-OTP-0,ACC-MULE-1,45000.0,upi,risk>=0.55,
SIM-000131,BLOCK,0.998,ACC-RING-3,ACC-MULE-1,207500.0,upi,risk>=0.8|behaviour-anomaly|velocity-threshold,RBI cyber security framework|RBI digital payment security controls|FIU-IND suspicious transaction retention
SIM-000132,BLOCK,0.997,ACC-RING-1,ACC-MULE-1,185000.0,upi,risk>=0.8|behaviour-anomaly|velocity-threshold,RBI cyber security framework|RBI digital payment security controls|FIU-IND suspicious transaction retention
SIM-000133,OTP,0.5607,ACC-OTP-3,ACC-MULE-1,45000.0,upi,risk>=0.55,
SIM-000134,ALLOW,0.095,ACC-PRIMARY,ACC-KNOWN-2,2800.0,upi,,
SIM-000135,ALLOW,0.0948,ACC-PRIMARY,ACC-KNOWN-3,1800.0,upi,,
SIM-000136,OTP,0.6374,ACC-OTP-1,ACC-MULE-1,45000.0,upi,risk>=0.55,
SIM-000137,BLOCK,0.9971,ACC-RING-3,ACC-MULE-1,192500.0,upi,risk>=0.8|behaviour-anomaly|velocity-threshold,RBI cyber security framework|RBI digital payment security controls|FIU-IND suspicious transaction retention
SIM-000138,BLOCK,0.9977,ACC-RING-1,ACC-MULE-1,200000.0,upi,risk>=0.8|behaviour-anomaly|velocity-threshold,RBI cyber security framework|RBI digital payment security controls|FIU-IND suspicious transaction retention
SIM-000139,OTP,0.6374,ACC-OTP-4,ACC-MULE-1,45000.0,upi,risk>=0.55,
TXN-WEB-001,ALLOW,0.213,ACC-PRIMARY,ACC-MERCHANT-001,2500.0,upi,,
POC-FOREIGN-LOGIN-001-002,BLOCK,0.9979,ACC-PRIMARY,ACC-MULE-1,185000.0,upi,risk>=0.8|behaviour-anomaly|velocity-threshold,RBI cyber security framework|RBI digital payment security controls|FIU-IND suspicious transaction retention
POC-FOREIGN-LOGIN-001-003,BLOCK,0.9976,ACC-PRIMARY,ACC-MULE-1,185000.0,upi,risk>=0.8|behaviour-anomaly|velocity-threshold,RBI cyber security framework|RBI digital payment security controls|FIU-IND suspicious transaction retention
POC-FOREIGN-LOGIN-001-004,BLOCK,0.9976,ACC-PRIMARY,ACC-MULE-1,185000.0,upi,risk>=0.8|behaviour-anomaly|velocity-threshold,RBI cyber security framework|RBI digital payment security controls|FIU-IND suspicious transaction retention
POC-FOREIGN-LOGIN-001-005,BLOCK,0.9976,ACC-PRIMARY,ACC-MULE-1,185000.0,upi,risk>=0.8|behaviour-anomaly|velocity-threshold,RBI cyber security framework|RBI digital payment security controls|FIU-IND suspicious transaction retention
POC-FOREIGN-LOGIN-001-006,BLOCK,0.9976,ACC-PRIMARY,ACC-MULE-1,185000.0,upi,risk>=0.8|behaviour-anomaly|velocity-threshold,RBI cyber security framework|RBI digital payment security controls|FIU-IND suspicious transaction retention
POC-FOREIGN-LOGIN-001-007,BLOCK,0.9976,ACC-PRIMARY,ACC-MULE-1,185000.0,upi,risk>=0.8|behaviour-anomaly|velocity-threshold,RBI cyber security framework|RBI digital payment security controls|FIU-IND suspicious transaction retention
POC-FOREIGN-LOGIN-001-008,BLOCK,0.9976,ACC-PRIMARY,ACC-MULE-1,185000.0,upi,risk>=0.8|behaviour-anomaly|velocity-threshold,RBI cyber security framework|RBI digital payment security controls|FIU-IND suspicious transaction retention
SIM-000120,BLOCK,0.9966,ACC-RING-1,ACC-MULE-1,185000.0,upi,risk>=0.8|behaviour-anomaly|velocity-threshold,RBI cyber security framework|RBI digital payment security controls|FIU-IND suspicious transaction retention
SIM-000121,OTP,0.5607,ACC-OTP-1,ACC-MULE-1,45000.0,upi,risk>=0.55,
SIM-000122,ALLOW,0.1248,ACC-PRIMARY,ACC-KNOWN-2,2300.0,upi,,
SIM-000123,ALLOW,0.1249,ACC-PRIMARY,ACC-KNOWN-3,2550.0,upi,,
SIM-000124,OTP,0.5607,ACC-OTP-4,ACC-MULE-1,45000.0,upi,risk>=0.55,
SIM-000125,BLOCK,0.996,ACC-RING-3,ACC-MULE-1,192500.0,upi,risk>=0.8|behaviour-anomaly|velocity-threshold,RBI cyber security framework|RBI digital payment security controls|FIU-IND suspicious transaction retention
SIM-000126,BLOCK,0.9983,ACC-RING-1,ACC-MULE-1,200000.0,upi,risk>=0.8|behaviour-anomaly|velocity-threshold,RBI cyber security framework|RBI digital payment security controls|FIU-IND suspicious transaction retention
SIM-000127,OTP,0.5607,ACC-OTP-2,ACC-MULE-1,45000.0,upi,risk>=0.55,
SIM-000128,ALLOW,0.0949,ACC-PRIMARY,ACC-KNOWN-2,2550.0,upi,,
SIM-000129,ALLOW,0.095,ACC-PRIMARY,ACC-KNOWN-3,2800.0,upi,,
SIM-000130,OTP,0.5607,ACC-OTP-0,ACC-MULE-1,45000.0,upi,risk>=0.55,
SIM-000131,BLOCK,0.998,ACC-RING-3,ACC-MULE-1,207500.0,upi,risk>=0.8|behaviour-anomaly|velocity-threshold,RBI cyber security framework|RBI digital payment security controls|FIU-IND suspicious transaction retention
SIM-000132,BLOCK,0.997,ACC-RING-1,ACC-MULE-1,185000.0,upi,risk>=0.8|behaviour-anomaly|velocity-threshold,RBI cyber security framework|RBI digital payment security controls|FIU-IND suspicious transaction retention
SIM-000133,OTP,0.5607,ACC-OTP-3,ACC-MULE-1,45000.0,upi,risk>=0.55,
SIM-000134,ALLOW,0.095,ACC-PRIMARY,ACC-KNOWN-2,2800.0,upi,,
SIM-000135,ALLOW,0.0948,ACC-PRIMARY,ACC-KNOWN-3,1800.0,upi,,
SIM-000136,OTP,0.6374,ACC-OTP-1,ACC-MULE-1,45000.0,upi,risk>=0.55,
SIM-000137,BLOCK,0.9971,ACC-RING-3,ACC-MULE-1,192500.0,upi,risk>=0.8|behaviour-anomaly|velocity-threshold,RBI cyber security framework|RBI digital payment security controls|FIU-IND suspicious transaction retention
SIM-000138,BLOCK,0.9977,ACC-RING-1,ACC-MULE-1,200000.0,upi,risk>=0.8|behaviour-anomaly|velocity-threshold,RBI cyber security framework|RBI digital payment security controls|FIU-IND suspicious transaction retention
SIM-000139,OTP,0.6374,ACC-OTP-4,ACC-MULE-1,45000.0,upi,risk>=0.55,
OTP-TEST-001,OTP,0.5861,ACC-OTP-001,ACC-MULE-1,40000.0,upi,risk>=0.55|velocity-threshold,
TXN-WEB-001,ALLOW,0.0949,ACC-PRIMARY,ACC-MERCHANT-001,2500.0,upi,,
TXN-WEB-001,ALLOW,0.213,ACC-PRIMARY,ACC-MERCHANT-001,2500.0,upi,,
TXN-WEB-001,ALLOW,0.213,ACC-PRIMARY,ACC-MERCHANT-001,2500.0,upi,,
OTP-TEST-001,OTP,0.5861,ACC-OTP-001,ACC-MULE-1,40000.0,upi,risk>=0.55|velocity-threshold,
BLOCK-TEST-001,BLOCK,0.8058,ACC-BLOCK-001,ACC-MULE-1,40000.0,upi,risk>=0.8|velocity-threshold,RBI cyber security framework|RBI digital payment security controls|FIU-IND suspicious transaction retention
TXN-WEB-001,ALLOW,0.213,ACC-PRIMARY,ACC-MERCHANT-001,2500.0,upi,,
TXN-WEB-001,ALLOW,0.213,ACC-PRIMARY,ACC-MERCHANT-001,2500.0,upi,,
OTP-TEST-001,OTP,0.5861,ACC-OTP-001,ACC-MULE-1,40000.0,upi,risk>=0.55|velocity-threshold,
BLOCK-TEST-001,BLOCK,0.8058,ACC-BLOCK-001,ACC-MULE-1,40000.0,upi,risk>=0.8|velocity-threshold,RBI cyber security framework|RBI digital payment security controls|FIU-IND suspicious transaction retention
TXN-WEB-001,ALLOW,0.213,ACC-PRIMARY,ACC-MERCHANT-001,2500.0,upi,,
OTP-TEST-001,OTP,0.5861,ACC-OTP-001,ACC-MULE-1,40000.0,upi,risk>=0.55|velocity-threshold,
BLOCK-TEST-001,BLOCK,0.8058,ACC-BLOCK-001,ACC-MULE-1,40000.0,upi,risk>=0.8|velocity-threshold,RBI cyber security framework|RBI digital payment security controls|FIU-IND suspicious transaction retention
TXN-WEB-001,ALLOW,0.213,ACC-PRIMARY,ACC-MERCHANT-001,2500.0,upi,,
OTP-TEST-001,OTP,0.5861,ACC-OTP-001,ACC-MULE-1,40000.0,upi,risk>=0.55|velocity-threshold,
BLOCK-TEST-001,BLOCK,0.8058,ACC-BLOCK-001,ACC-MULE-1,40000.0,upi,risk>=0.8|velocity-threshold,RBI cyber security framework|RBI digital payment security controls|FIU-IND suspicious transaction retention
TXN-WEB-001,ALLOW,0.213,ACC-PRIMARY,ACC-MERCHANT-001,2500.0,upi,,
OTP-TEST-001,OTP,0.5861,ACC-OTP-001,ACC-MULE-1,40000.0,upi,risk>=0.55|velocity-threshold,
BLOCK-TEST-001,BLOCK,0.8058,ACC-BLOCK-001,ACC-MULE-1,40000.0,upi,risk>=0.8|velocity-threshold,RBI cyber security framework|RBI digital payment security controls|FIU-IND suspicious transaction retention
